Mbappé,ATT,75,9.130512,France,ok,19440000.0,110000.0,"[16, 9, None, None, None]",0.7,0,7.83,352
Messi,ATT,51,9.41003,Argentina,ok,18460000.0,90000.0,"[9, 5, None, None, None]",0.7,0.1,8.15,257
Lewandowski,ATT,51,7.816464,Poland,ok,11490000.0,-40000.0,"[9, -2, None, None, None]",0.7,0.1,7.44,-257
Harry Kane,ATT,50,8.416836,England,ok,13930000.0,100000.0,"[2, 6, None, None, None]",0.7,0,7.39,202
Neymar,ATT,50,9.464652000000001,Brazil,injured,13950000.0,-310000.0,"['injured', 6, None, None, None]",0.7,0.1,7.69,574
Vinícius Jr,ATT,50,7.993116,Brazil,ok,15570000.0,100000.0,"[2, 10, None, None, None]",0,0,7.17,574
Memphis Depay,ATT,46,8.562683999999999,Netherlands,ok,7540000.0,-130000.0,"[2, 2, None, None, None]",0.7,0.1,7.06,447
Frenkie De Jong,MID,44,7.680269999999999,Netherlands,ok,10710000.0,160000.0,"[6, 6, None, None, None]",0,0,7.05,447
Lautaro Martínez,ATT,40,7.528024000000001,Argentina,ok,10560000.0,0.0,"[2, 2, None, None, None]",0,0,7.16,257
Lukaku,ATT,40,7.584548,Belgium,ok,5510000.0,-60000.0,"[2, 'injured', None, None, None]",0.7,0,6.88,3
Kimmich,MID,38,8.136006,Germany,ok,10020000.0,-30000.0,"[2, 2, None, None, None]",0,0.1,7.77,169
De Bruyne,MID,38,7.914745999999999,Belgium,ok,12870000.0,-160000.0,"[-2, 6, None, None, None]",0,0.1,7.81,3
Sané,ATT,38,7.3709940000000005,Germany,ok,7360000.0,80000.0,"[6, 'doubt', None, None, None]",0,0,7.13,169
Bruno Fernandes,MID,37,7.866884,Portugal,ok,10740000.0,360000.0,"[17, 10, None, None, None]",0,0.1,7.33,294
Phil Foden,MID,37,7.563707999999999,England,ok,8810000.0,-200000.0,"[None, 2, None, None, None]",0,0,7.27,202
Bernardo Silva,MID,36,7.591596,Portugal,ok,10110000.0,70000.0,"[2, 2, None, None, None]",0,0.1,7.07,294
Dusan Vlahovic,ATT,36,7.004931999999999,Serbia,ok,6320000.0,-280000.0,"[None, -2, None, None, None]",0,0,7.06,-39
Son,ATT,36,7.266064,South Korea,ok,6430000.0,-170000.0,"[2, 2, None, None, None]",0.7,0.1,6.92,-294
Gabriel Jesus,ATT,35,7.926228,Brazil,ok,8170000.0,-140000.0,"[2, 0, None, None, None]",0,0,7.11,574
Rodri,MID,35,8.580319999999999,Spain,ok,7130000.0,110000.0,"[-2, 6, None, None, None]",0.7,0.1,7.35,264
Dani Olmo,ATT,34,7.348544,Spain,ok,6580000.0,320000.0,"[10, 13, None, None, None]",0,0,6.98,264
Sterling,ATT,34,7.189164,England,ok,9150000.0,120000.0,"[-2, 9, None, None, None]",0,0,6.91,202
Antony,ATT,33,8.271816,Brazil,ok,5730000.0,-60000.0,"[6, 0, None, None, None]",0,0,7.42,574
Cody Gakpo,ATT,33,8.344804,Netherlands,ok,6610000.0,240000.0,"[9, 9, None, None, None]",0,0,7.66,447
Jonathan David,ATT,33,6.804113999999999,Canada,ok,3670000.0,-170000.0,"[2, 2, None, None, None]",0,0,6.97,-119
Coman,MID,33,7.631952,France,ok,5540000.0,10000.0,"[2, 2, None, None, None]",0,0,7.13,352
Mason Mount,MID,33,7.563707999999999,England,ok,7320000.0,70000.0,"[-2, 2, None, None, None]",0,0,7.27,202
Jude Bellingham,MID,32,7.532496,England,ok,10090000.0,130000.0,"[2, 10, None, None, None]",0,0,7.24,202
Serge Gnabry,ATT,32,7.505388,Germany,ok,7130000.0,-40000.0,"[2, 2, None, None, None]",0,0,7.26,169
Milinković-Savić,MID,32,6.796569999999999,Serbia,ok,5570000.0,-20000.0,"[10, -2, None, None, None]",0,0.1,6.75,-39
Müller,ATT,32,7.412346,Germany,ok,7430000.0,50000.0,"[2, 6, None, None, None]",0,0,7.17,169
Aleksandar Mitrović,ATT,31,7.332357999999999,Serbia,ok,4450000.0,0.0,"[9, -2, None, None, None]",0,0,7.39,-39
Alexander-Arnold,DEF,31,7.865424,England,ok,4820000.0,-180000.0,"[None, None, None, None, None]",0,0.1,7.46,202
Morata,ATT,31,8.117087999999999,Spain,ok,9660000.0,160000.0,"[9, 9, None, None, None]",0.7,0,7.01,264
Griezmann,ATT,31,7.867439999999999,France,ok,11180000.0,360000.0,"[6, 6, None, None, None]",0,0.1,7.25,352
Cristiano Ronaldo,ATT,31,8.343344,Portugal,ok,12500000.0,230000.0,"[2, 9, None, None, None]",0.7,0.1,7.08,294
Darwin Núñez,ATT,31,7.622876000000001,Uruguay,ok,7970000.0,-120000.0,"[-2, 2, None, None, None]",0,0,7.22,279
Ferran Torres,ATT,31,7.664384,Spain,ok,7750000.0,210000.0,"[6, 16, None, None, None]",0.4,0,6.88,264
Jack Grealish,ATT,31,7.345224,England,ok,6190000.0,50000.0,"[0, 9, None, None, None]",0,0,7.06,202
James Maddison,MID,31,7.761384,England,doubt,3160000.0,-70000.0,"['doubt', 'doubt', None, None, None]",0,0,7.46,202
João Cancelo,DEF,31,7.6127720000000005,Portugal,ok,6740000.0,20000.0,"[2, -2, None, None, None]",0,0,7.19,294
João Félix,ATT,31,7.506892,Portugal,ok,7620000.0,180000.0,"[2, 13, None, None, None]",0,0,7.09,294
Mehdi Taremi,ATT,31,8.19836,Iran,ok,3950000.0,70000.0,"[6, 16, None, None, None]",0.7,0,7.5,-1
Dembélé,ATT,31,7.942368,France,ok,9450000.0,180000.0,"[6, 2, None, None, None]",0,0,7.42,352
Pedri,MID,31,7.622272,Spain,ok,11880000.0,160000.0,"[2, 10, None, None, None]",0,0,7.24,264
Rafael Leão,ATT,31,7.559831999999999,Portugal,ok,7320000.0,40000.0,"[-2, 9, None, None, None]",0,0,7.14,294
Raphinha,ATT,31,7.97082,Brazil,ok,7850000.0,140000.0,"[2, 2, None, None, None]",0,0.1,7.05,574
Ricardo Horta,ATT,31,7.782179999999999,Portugal,ok,2420000.0,-60000.0,"[None, None, None, None, None]",0,0,7.35,294
Richarlison,ATT,31,7.91508,Brazil,ok,8110000.0,310000.0,"[-2, 16, None, None, None]",0,0,7.10,574
Rodrygo,ATT,31,7.91508,Brazil,ok,6580000.0,80000.0,"[6, 2, None, None, None]",0,0,7.1,574
Rúben Dias,DEF,31,7.443364,Portugal,ok,6400000.0,20000.0,"[2, 2, None, None, None]",0,0,7.03,294
Virgil van Dijk,DEF,31,7.78921,Netherlands,ok,7430000.0,80000.0,"[6, 2, None, None, None]",0,0,7.15,447
Carrasco,ATT,31,6.954169999999999,Belgium,ok,5400000.0,-250000.0,"[None, -2, None, None, None]",0,0.1,6.85,3
Embolo,ATT,30,7.0142880000000005,Switzerland,ok,5040000.0,40000.0,"[2, 13, None, None, None]",0,0,6.96,39
Tadić,ATT,30,8.245182,Serbia,ok,4400000.0,-10000.0,"[6, -2, None, None, None]",0.7,0.05,7.56,-39
Dybala,ATT,30,7.664706000000001,Argentina,ok,3600000.0,-150000.0,"[None, None, None, None, None]",0,0,7.29,257
Gabriel Martinelli,ATT,30,7.736712000000001,Brazil,ok,3010000.0,-60000.0,"[None, 0, None, None, None]",0,0,6.94,574
Hirving Lozano,ATT,30,7.338760000000001,Mexico,ok,5080000.0,-80000.0,"[2, 6, None, None, None]",0.2,0,6.95,132
Iñaki Williams,ATT,30,6.684936,Ghana,ok,4790000.0,-40000.0,"[2, 2, None, None, None]",0.2,0,6.88,-279
Julián Álvarez,ATT,30,7.685734,Argentina,ok,4950000.0,-60000.0,"[2, 2, None, None, None]",0,0,7.31,257
Jonas Hofmann,ATT,30,7.557078,Germany,ok,2780000.0,-80000.0,"[0, -2, None, None, None]",0,0,7.31,169
Toko Ekambi,ATT,30,6.293772,Cameroon,ok,3750000.0,-100000.0,"[-2, 2, None, None, None]",0,0.1,7.01,-574
Kai Havertz,MID,30,7.112544000000001,Germany,ok,6800000.0,-270000.0,"[None, 2, None, None, None]",0,0,6.88,169
Leandro Trossard,ATT,30,7.044224,Belgium,ok,3480000.0,-70000.0,"[2, 2, None, None, None]",0,0,7.04,3
Rashford,ATT,30,7.001892000000001,England,ok,7060000.0,40000.0,"[-2, 9, None, None, None]",0,0,6.73,202
Marquinhos,DEF,30,7.848192,Brazil,ok,7270000.0,110000.0,"[2, 2, None, None, None]",0,0,7.04,574
Pablo Sarabia,ATT,30,7.590688,Spain,ok,4120000.0,-210000.0,"[None, None, None, None, None]",0,0.1,7.11,264
Tchouameni,MID,29,7.8139199999999995,France,ok,8320000.0,210000.0,"[6, 2, None, None, None]",0,0,7.3,352
Bukayo Saka,MID,29,7.397244000000001,England,ok,7670000.0,180000.0,"[2, 18, None, None, None]",0,0,7.11,202
Casemiro,MID,29,8.227224,Brazil,ok,8920000.0,220000.0,"[10, 6, None, None, None]",0,0.1,7.28,574
Declan Rice,MID,29,7.470072,England,ok,6550000.0,110000.0,"[2, 6, None, None, None]",0,0,7.18,202
Denzel Dumfries,MID,29,7.582223999999999,Netherlands,ok,5140000.0,-10000.0,"[2, 2, None, None, None]",0,0,6.96,447
Fabinho,MID,29,7.759008,Brazil,ok,4850000.0,-210000.0,"[None, None, None, None, None]",0,0,6.96,574
Fede Valverde,MID,29,7.675666,Uruguay,ok,10550000.0,110000.0,"[2, 6, None, None, None]",0,0.1,7.17,279
De Arrascaeta,MID,29,7.86571,Uruguay,ok,4120000.0,-130000.0,"[6, None, None, None, None]",0,0.1,7.35,279
Jamal Musiala,MID,29,7.246938,Germany,ok,7550000.0,200000.0,"[10, 6, None, None, None]",0,0,7.01,169
Lucas Paquetá,MID,29,7.903932,Brazil,ok,6490000.0,90000.0,"[2, 2, None, None, None]",0,0,7.09,574
Brozović,MID,29,7.195679999999999,Croatia,ok,5500000.0,-20000.0,"[2, 2, None, None, None]",0,0.1,7.1,-3
Pierre-Emile Højbjerg,MID,29,7.5001359999999995,Denmark,ok,4990000.0,50000.0,"[6, 2, None, None, None]",0,0,7.22,194
Zieliński,MID,29,6.754032,Poland,ok,5170000.0,80000.0,"[10, 2, None, None, None]",0,0.1,7.02,-257
Raúl Jiménez,ATT,29,7.605624,Mexico,ok,3370000.0,-80000.0,"[2, 2, None, None, None]",0.7,0,6.71,132
Tielemans,MID,29,7.014206,Belgium,ok,5880000.0,-160000.0,"[2, 2, None, None, None]",0,0,7.01,3
Ángel Correa,ATT,28,7.0969500000000005,Argentina,ok,3610000.0,-170000.0,"[None, None, None, None, None]",0,0,6.75,257
Gündoğan,MID,28,8.187696,Germany,ok,7110000.0,90000.0,"[2, 9, None, None, None]",0.7,0.1,7.12,169
Goretzka,MID,28,7.329642000000001,Germany,ok,6190000.0,0.0,"[2, -2, None, None, None]",0,0,7.09,169
Asensio,ATT,28,7.453824,Spain,ok,7000000.0,180000.0,"[2, 9, None, None, None]",0,0,7.08,264
Kovačić,MID,28,6.885865999999999,Croatia,ok,5840000.0,110000.0,"[6, 2, None, None, None]",0,0,6.89,-3
Pulisic,ATT,28,7.5515099999999995,US,ok,5600000.0,110000.0,"[6, 10, None, None, None]",0.7,0.1,6.75,1
Courtois,GK,28,7.164295999999999,Belgium,ok,7920000.0,-30000.0,"[-2, 10, None, None, None]",0,0,7.16,3
Alisson,GK,27,7.825895999999999,Brazil,ok,7480000.0,30000.0,"[0, 2, None, None, None]",0,0,7.02,574
Alphonso Davies,DEF,27,7.380071999999999,Canada,ok,3380000.0,10000.0,"[11, 6, None, None, None]",0.4,0.1,7.06,-119
Bruno Guimarães,MID,27,8.126892,Brazil,ok,3830000.0,-70000.0,"[2, None, None, None, None]",0,0,7.29,574
Carlos Soler,MID,27,7.516991999999999,Spain,ok,4590000.0,30000.0,"[None, 10, None, None, None]",0,0,7.14,264
Kostić,MID,27,7.084307999999999,Serbia,ok,4170000.0,-80000.0,"[2, 'doubt', None, None, None]",0,0,7.14,-39
Koke,MID,27,7.295903999999999,Spain,ok,4400000.0,30000.0,"[2, 6, None, None, None]",0,0.1,6.83,264
de Ligt,DEF,27,7.6149059999999995,Netherlands,ok,4560000.0,-110000.0,"[None, -2, None, None, None]",0,0,6.99,447
Pau Torres,DEF,27,7.3696,Spain,ok,3790000.0,-230000.0,"[None, None, None, None, None]",0,0,7.0,264
Rodrigo de Paul,MID,27,7.46494,Argentina,ok,5930000.0,-90000.0,"[-2, -2, None, None, None]",0,0,7.10,257
Steven Bergwijn,ATT,27,7.593118,Netherlands,ok,4520000.0,0.0,"[-2, 2, None, None, None]",0,0,6.97,447
Achraf Hakimi,DEF,26,7.228028,Morocco,ok,5260000.0,120000.0,"[2, 6, None, None, None]",0,0.1,6.96,119
André Silva,ATT,26,7.273956,Portugal,ok,2910000.0,-80000.0,"[None, None, None, None, None]",0,0,6.87,294
Rüdiger,DEF,26,7.28829,Germany,ok,6260000.0,130000.0,"[6, 2, None, None, None]",0,0,7.05,169
Éder Militão,DEF,26,7.903932,Brazil,ok,6250000.0,20000.0,"[6, None, None, None, None]",0,0,7.09,574
Xhaka,MID,26,6.9840539999999995,Switzerland,ok,4920000.0,30000.0,"[2, 6, None, None, None]",0,0,6.93,39
Pickford,GK,26,7.261992,England,ok,5640000.0,70000.0,"[2, 2, None, None, None]",0,0,6.98,202
Marcos Llorente,MID,26,7.253792,Spain,ok,3610000.0,-110000.0,"[None, None, None, None, None]",0,0,6.89,264
Marcus Thuram,ATT,26,7.589136,France,ok,3010000.0,-30000.0,"[2, 0, None, None, None]",0,0,7.09,352
Otávio,MID,26,7.866884,Portugal,doubt,3440000.0,-30000.0,"['doubt', 2, None, None, None]",0,0,7.43,294
Varane,DEF,26,7.460688,France,ok,3960000.0,90000.0,"[2, None, None, None, None]",0,0,6.97,352
Bentancur,MID,26,7.548970000000001,Uruguay,ok,5600000.0,10000.0,"[6, 2, None, None, None]",0,0,7.15,279
Theo Hernández,DEF,26,7.9102559999999995,France,ok,6920000.0,190000.0,"[6, 10, None, None, None]",0,0.1,7.29,352
Thomas Partey,MID,26,6.920986,Ghana,ok,4200000.0,10000.0,"[6, 2, None, None, None]",0.2,0.1,7.03,-279
Christensen,DEF,25,7.074227999999999,Denmark,ok,4360000.0,110000.0,"[11, 6, None, None, None]",0,0,6.81,194
Eriksen,MID,25,8.331176,Denmark,ok,6340000.0,80000.0,"[6, 6, None, None, None]",0.7,0.1,7.22,194
Cristian Romero,DEF,25,7.422884000000001,Argentina,ok,3260000.0,-20000.0,"[2, -2, None, None, None]",0,0,7.06,257
Daichi Kamada,MID,25,6.9240319999999995,Japan,ok,3240000.0,-90000.0,"[-2, 2, None, None, None]",0.3,0,7.01,-264
Dayot Upamecano,DEF,25,7.535616,France,ok,5100000.0,240000.0,"[6, 6, None, None, None]",0,0,7.04,352
Ederson,GK,25,7.669824,Brazil,ok,4440000.0,-170000.0,"[None, None, None, None, None]",0,0,6.88,574
Edson Álvarez,MID,25,7.256648,Mexico,ok,3430000.0,-110000.0,"[None, 6, None, None, None]",0,0,7.07,132
Guido Rodríguez,MID,25,7.538538000000001,Argentina,ok,4150000.0,10000.0,"[2, None, None, None, None]",0,0,7.17,257
Gavi,MID,25,7.253792,Spain,ok,9420000.0,270000.0,"[2, 14, None, None, None]",0,0,6.89,264
Maguire,DEF,25,7.2723960000000005,England,ok,4860000.0,220000.0,"[6, 6, None, None, None]",0,0,6.99,202
Perišić,MID,25,7.205673999999999,Croatia,ok,6430000.0,110000.0,"[10, 2, None, None, None]",0,0,7.21,-3
Stones,DEF,25,7.345224,England,ok,5030000.0,170000.0,"[6, 2, None, None, None]",0,0,7.06,202
Jules Koundé,DEF,25,7.557023999999999,France,ok,5930000.0,90000.0,"[2, 0, None, None, None]",0,0,7.06,352
Koulibaly,DEF,25,6.879899999999999,Senegal,ok,4010000.0,-20000.0,"[-2, 6, None, None, None]",0,0,7.1,-155
Süle,DEF,25,6.833418000000001,Germany,ok,4410000.0,40000.0,"[2, 2, None, None, None]",0,0,6.61,169
Neves,MID,25,7.496303999999999,Portugal,ok,5590000.0,60000.0,"[2, 6, None, None, None]",0,0,7.08,294
Steven Berghuis,MID,25,8.126923999999999,Netherlands,ok,3910000.0,-10000.0,"[2, 2, None, None, None]",0,0.1,7.36,447
Thiago Almada,MID,25,7.790874000000001,Argentina,ok,2570000.0,-60000.0,"[None, None, None, None, None]",0,0,7.41,257
Pavard,DEF,24,7.7389920000000005,France,ok,4800000.0,-150000.0,"[None, 2, None, None, None]",0,0,7.23,352
Josko Gvardiol,DEF,24,6.9958,Croatia,ok,3850000.0,90000.0,"[6, 6, None, None, None]",0,0,7.0,-3
Lisandro Martínez,DEF,24,7.5805940000000005,Argentina,ok,3980000.0,60000.0,"[6, -2, None, None, None]",0,0,7.21,257
Nuno Mendes,DEF,24,7.326896,Portugal,doubt,3560000.0,-70000.0,"[2, 'doubt', None, None, None]",0,0,6.92,294
Wout Weghorst,ATT,24,7.462389999999999,Netherlands,ok,1910000.0,-30000.0,"[0, None, None, None, None]",0,0,6.85,447
Kramarić,ATT,23,6.855884,Croatia,ok,3880000.0,140000.0,"[16, -2, None, None, None]",0,0,6.86,-3
Callum Wilson,ATT,23,7.199568,England,ok,2320000.0,-50000.0,"[None, -2, None, None, None]",0,0,6.92,202
Carvajal,DEF,23,7.401184,Spain,ok,4680000.0,-50000.0,"[-2, None, None, None, None]",0,0,7.03,264
Cavani,ATT,23,7.696782000000001,Uruguay,ok,4770000.0,-60000.0,"[-2, 2, None, None, None]",0.5,0,6.79,279
Hans Vanaken,MID,23,7.184307999999999,Belgium,ok,1990000.0,-60000.0,"[None, None, None, None, None]",0,0,7.18,3
Ismaila Sarr,ATT,23,6.98649,Senegal,ok,3490000.0,60000.0,"[6, 6, None, None, None]",0.35,0,6.86,-155
Jordi Alba,DEF,23,7.622272,Spain,ok,5680000.0,270000.0,"[10, 6, None, None, None]",0,0,7.24,264
Jurrien Timber,DEF,23,7.6149059999999995,Netherlands,ok,2340000.0,-10000.0,"[2, None, None, None, None]",0,0,6.99,447
Trippier,DEF,23,8.000675999999999,England,ok,5670000.0,80000.0,"[2, 6, None, None, None]",0,0.1,7.59,202
Walker,DEF,23,7.386839999999999,England,ok,2010000.0,-20000.0,"[None, 'injured', None, None, None]",0,0,7.10,202
Laporte,DEF,23,7.485408,Spain,ok,6490000.0,150000.0,"[6, 6, None, None, None]",0,0,7.11,264
Ginter,DEF,23,7.3606560000000005,Germany,ok,2160000.0,-90000.0,"[None, None, None, None, None]",0,0,7.12,169
Teun Koopmeiners,MID,23,7.636693999999999,Netherlands,ok,3230000.0,-10000.0,"[2, 2, None, None, None]",0,0,7.01,447
William Saliba,DEF,23,7.5035039999999995,France,ok,1760000.0,-50000.0,"[None, None, None, None, None]",0,0,7.01,352
Yéremy Pino,ATT,23,7.169567999999999,Spain,ok,2050000.0,-60000.0,"[None, None, None, None, None]",0,0,6.81,264
Rabiot,MID,22,7.65336,France,ok,6360000.0,240000.0,"[2, 14, None, None, None]",0,0,7.15,352
Di María,ATT,22,7.738304,Argentina,ok,8000000.0,100000.0,"[2, -2, None, None, None]",0,0.1,7.26,257
José Giménez,DEF,22,7.3272520000000005,Uruguay,ok,5360000.0,30000.0,"[6, 6, None, None, None]",0,0,6.94,279
Luis Suárez,ATT,22,7.971290000000001,Uruguay,ok,5930000.0,-120000.0,"[2, 2, None, None, None]",0.7,0,6.85,279
Modrić,MID,22,7.965217999999999,Croatia,ok,9660000.0,80000.0,"[6, 6, None, None, None]",0.7,0.1,7.17,-3
Neuer,GK,22,7.246938,Germany,ok,6260000.0,-30000.0,"[2, 2, None, None, None]",0,0,7.01,169
Ter Stegen,GK,22,7.112544000000001,Germany,ok,3260000.0,-140000.0,"[None, None, None, None, None]",0,0,6.88,169
Matheus Nunes,MID,22,7.25278,Portugal,ok,1990000.0,-30000.0,"[2, None, None, None, None]",0,0,6.85,294
Elvedi,DEF,22,6.933664,Switzerland,ok,2510000.0,50000.0,"[6, 2, None, None, None]",0,0,6.88,39
Freuler,MID,22,6.893352,Switzerland,ok,2890000.0,-10000.0,"[2, 2, None, None, None]",0,0,6.84,39
Ritsu Doan,ATT,22,7.066112,Japan,ok,2520000.0,-10000.0,"[2, 9, None, None, None]",0.5,0,6.96,-264
Stefan de Vrij,DEF,22,7.484178,Netherlands,ok,2380000.0,-70000.0,"[None, None, None, None, None]",0,0,6.87,447
Unai Simón,GK,22,7.222208,Spain,ok,6270000.0,120000.0,"[6, 2, None, None, None]",0,0,6.86,264
Alexis Mac Allister,MID,21,7.496482,Argentina,ok,2860000.0,80000.0,"[2, None, None, None, None]",0,0,7.13,257
Andreas Skov Olsen,MID,21,7.468972,Denmark,ok,2910000.0,-100000.0,"[None, 6, None, None, None]",0,0,7.19,194
Živković,ATT,21,7.1537619999999995,Serbia,ok,2010000.0,40000.0,"[6, 2, None, None, None]",0,0,7.21,-39
Boulaye Dia,ATT,21,6.928349999999999,Senegal,ok,3100000.0,20000.0,"[5, 2, None, None, None]",0.35,0,6.8,-155
Bremer,DEF,21,7.8593399999999995,Brazil,ok,1300000.0,-30000.0,"[None, None, None, None, None]",0,0,7.05,574
Bryan Mbeumo,ATT,21,6.125584,Cameroon,ok,2000000.0,-30000.0,"[2, 2, None, None, None]",0,0,6.92,-574
Charles De Ketelaere,MID,21,6.934157999999999,Belgium,ok,1790000.0,-40000.0,"[-2, None, None, None, None]",0,0,6.93,3
Azpilicueta,DEF,21,7.306432,Spain,ok,3920000.0,30000.0,"[None, 6, None, None, None]",0,0,6.94,264
Danilo Pereira,MID,21,7.401012,Portugal,injured,3330000.0,-210000.0,"['injured', 2, None, None, None]",0,0,6.99,294
David Raum,DEF,21,7.3813320000000004,Germany,ok,3440000.0,90000.0,"[2, 2, None, None, None]",0,0,7.14,169
Davy Klaassen,MID,21,7.407919999999999,Netherlands,ok,3260000.0,80000.0,"[-2, 6, None, None, None]",0,0,6.8,447
Diogo Dalot,DEF,21,7.581008,Portugal,ok,2340000.0,-70000.0,"[None, None, None, None, None]",0,0,7.16,294
Djibril Sow,MID,21,6.923586,Switzerland,ok,2560000.0,-10000.0,"[-2, 2, None, None, None]",0,0,6.87,39
Eden Hazard,ATT,21,7.334397999999999,Belgium,ok,4560000.0,-90000.0,"[2, 2, None, None, None]",0.5,0,6.83,3
Enzo Fernández,MID,21,7.874986000000001,Argentina,ok,3370000.0,150000.0,"[10, -2, None, None, None]",0,0,7.49,257
Dier,DEF,21,7.261992,England,ok,2660000.0,-70000.0,"[None, 2, None, None, None]",0,0,6.98,202
Hakim Ziyech,MID,21,7.698976,Morocco,ok,4450000.0,140000.0,"[6, -2, None, None, None]",0.35,0.1,7.07,119
Joachim Andersen,DEF,21,7.2612119999999996,Denmark,ok,2710000.0,70000.0,"[2, 6, None, None, None]",0,0,6.99,194
Jesús Ferreira,ATT,21,7.241448,US,ok,1690000.0,-40000.0,"[None, None, None, None, None]",0,0,7.24,1
Joakim Maehle,DEF,21,7.001512,Denmark,ok,3000000.0,0.0,"[2, 6, None, None, None]",0,0,6.74,194
João Mário,MID,21,7.6127720000000005,Portugal,ok,2840000.0,-60000.0,"[None, 0, None, None, None]",0,0,7.19,294
João Palhinha,MID,21,7.348072,Portugal,ok,2310000.0,0.0,"[2, 0, None, None, None]",0,0,6.94,294
Henderson,MID,21,7.261992,England,ok,2910000.0,-30000.0,"[0, None, None, None, None]",0,0,6.98,202
Junya Ito,MID,21,7.00928,Japan,ok,2690000.0,-20000.0,"[2, 6, None, None, None]",0,0,7.4,-264
Kalvin Phillips,MID,21,7.033104,England,ok,2530000.0,-60000.0,"[None, None, None, None, None]",0,0,6.76,202
Loïs Openda,ATT,21,7.05423,Belgium,ok,1830000.0,-70000.0,"[None, 2, None, None, None]",0,0,7.05,3
Lovro Majer,MID,21,7.045769999999999,Croatia,ok,2320000.0,140000.0,"[10, 2, None, None, None]",0,0,7.05,-3
Luke Shaw,DEF,21,7.23078,England,ok,4760000.0,100000.0,"[2, 6, None, None, None]",0,0,6.95,202
Guendouzi,MID,21,7.471392000000001,France,ok,1890000.0,-30000.0,"[None, None, None, None, None]",0,0,6.98,352
Pašalić,MID,21,6.775932,Croatia,ok,3160000.0,0.0,"[2, 2, None, None, None]",0,0,6.78,-3
Marten de Roon,MID,21,7.473284,Netherlands,ok,1830000.0,-10000.0,"[0, 0, None, None, None]",0,0,6.86,447
Min-jae Kim,DEF,21,6.701344000000001,South Korea,doubt,2300000.0,-40000.0,"[2, 6, None, None, None]",0,0,7.12,-294
Mislav Orsic,ATT,21,7.255643999999999,Croatia,ok,2080000.0,0.0,"[6, 0, None, None, None]",0,0,7.26,-3
Nicolás De La Cruz,MID,21,7.517296000000001,Uruguay,ok,2240000.0,-30000.0,"[None, 2, None, None, None]",0,0,7.12,279
Mazraoui,DEF,21,7.166600000000001,Morocco,ok,2740000.0,100000.0,"[2, 2, None, None, None]",0,0,7.0,119
Nico Schlotterbeck,DEF,21,7.526064000000001,Germany,ok,1750000.0,0.0,"[0, -2, None, None, None]",0,0,7.28,169
Niclas Füllkrug,ATT,21,7.774176,Germany,ok,2580000.0,190000.0,"[9, 2, None, None, None]",0,0,7.52,169
Tagliafico,DEF,21,7.338772000000001,Argentina,ok,3250000.0,-180000.0,"[None, -2, None, None, None]",0,0,6.98,257
Giroud,ATT,21,7.70688,France,ok,6160000.0,270000.0,"[2, 12, None, None, None]",0,0,7.2,352
Pedro,ATT,21,7.892784,Brazil,ok,1640000.0,-40000.0,"[None, None, None, None, None]",0,0,7.08,574
Rogelio Funes Mori,ATT,21,7.092424,Mexico,ok,1750000.0,-60000.0,"[None, None, None, None, None]",0,0,6.91,132
Ronald Araújo,DEF,21,7.422274000000001,Uruguay,injured,2560000.0,-60000.0,"['injured', 'injured', None, None, None]",0,0,7.03,279
Busquets,MID,21,7.590688,Spain,ok,6230000.0,160000.0,"[2, 6, None, None, None]",0,0,7.21,264
Weston McKennie,MID,21,6.8813759999999995,US,ok,2490000.0,80000.0,"[6, 2, None, None, None]",0,0,6.88,1
En-Nesyri,ATT,21,6.8696980000000005,Morocco,ok,3440000.0,20000.0,"[2, 2, None, None, None]",0,0,6.71,119
Zambo Anguissa,MID,21,6.231808,Cameroon,ok,3370000.0,0.0,"[2, 6, None, None, None]",0,0,7.04,-574
Brenden Aaronson,MID,20,6.721343999999999,US,ok,2400000.0,0.0,"[2, 6, None, None, None]",0,0,6.72,1
Conor Coady,DEF,20,7.261992,England,ok,1100000.0,-20000.0,"[None, None, None, None, None]",0,0,6.98,202
Daley Blind,DEF,20,7.7347399999999995,Netherlands,ok,3420000.0,70000.0,"[2, 2, None, None, None]",0,0,7.1,447
Danilo,DEF,20,7.91508,Brazil,injured,3540000.0,-220000.0,"['injured', 2, None, None, None]",0,0,7.10,574
Denis Zakaria,MID,20,6.732104,Switzerland,ok,2810000.0,-80000.0,"[None, None, None, None, None]",0,0,6.68,39
Mertens,ATT,20,7.044224,Belgium,ok,2840000.0,-40000.0,"[6, None, None, None, None]",0,0,7.04,3
Camavinga,MID,20,7.353648000000001,France,ok,3570000.0,-70000.0,"[None, 'doubt', None, None, None]",0,0,6.87,352
Emiliano Martínez,GK,20,7.212604000000001,Argentina,ok,5430000.0,60000.0,"[2, -2, None, None, None]",0,0,6.86,257
Edouard Mendy,GK,20,6.5892,Senegal,ok,3220000.0,-10000.0,"[6, -2, None, None, None]",0,0,6.8,-155
Ellyes Skhiri,MID,20,6.497904,Tunisia,ok,2230000.0,0.0,"[2, 2, None, None, None]",0,0,6.99,-352
Eric García,DEF,20,7.338016,Spain,ok,2910000.0,-130000.0,"[None, None, None, None, None]",0,0,6.97,264
Fred,MID,20,7.74786,Brazil,ok,4250000.0,100000.0,"[2, 6, None, None, None]",0,0,6.95,574
Giovanni Reyna,MID,20,6.831366,US,ok,2400000.0,-40000.0,"[0, None, None, None, None]",0,0.1,6.73,1
Jan Bednarek,DEF,20,6.573798,Poland,ok,1450000.0,-40000.0,"[None, None, None, None, None]",0,0,6.93,-257
Jordan Veretout,MID,20,7.471392000000001,France,ok,1690000.0,-30000.0,"[None, None, None, None, None]",0,0,6.98,352
Dolberg,ATT,20,6.991124,Denmark,ok,2300000.0,-50000.0,"[2, -2, None, None, None]",0,0,6.73,194
Dendoncker,MID,20,6.874122,Belgium,ok,3180000.0,-20000.0,"[None, 6, None, None, None]",0,0,6.87,3
Paredes,MID,20,7.3703140000000005,Argentina,ok,4280000.0,-130000.0,"[None, -2, None, None, None]",0,0,7.01,257
Lucas Torreira,MID,20,7.390600000000001,Uruguay,ok,2350000.0,-60000.0,"[None, None, None, None, None]",0,0,7.0,279
Mohammed Kudus,MID,20,6.524422,Ghana,ok,3280000.0,160000.0,"[18, 6, None, None, None]",0,0,6.91,-279
Nahuel Molina,DEF,20,7.191576,Argentina,ok,3120000.0,-50000.0,"[2, -2, None, None, None]",0,0,6.84,257
Otamendi,DEF,20,7.5175100000000015,Argentina,ok,5070000.0,140000.0,"[6, -2, None, None, None]",0,0,7.15,257
Nikola Vlasic,MID,20,6.735956,Croatia,ok,2830000.0,10000.0,"[2, 6, None, None, None]",0,0,6.74,-3
Estupiñán,DEF,20,7.0623499999999995,Ecuador,ok,3200000.0,30000.0,"[6, 2, None, None, None]",0,0.1,6.75,155
Piero Hincapié,DEF,20,7.041729999999999,Ecuador,ok,2390000.0,30000.0,"[2, 2, None, None, None]",0,0,6.83,155
Rasmus Kristensen,DEF,20,7.240435999999999,Denmark,ok,2480000.0,90000.0,"[6, 6, None, None, None]",0,0,6.97,194
Timothy Castagne,DEF,20,6.864116,Belgium,ok,1950000.0,20000.0,"[2, 2, None, None, None]",0,0,6.86,3
Thiago Silva,DEF,20,8.0823,Brazil,ok,6030000.0,170000.0,"[6, 6, None, None, None]",0,0,7.25,574
Delaney,MID,20,7.126168,Denmark,injured,2600000.0,-90000.0,"['injured', 2, None, None, None]",0,0,6.86,194
Meunier,DEF,20,6.924151999999999,Belgium,ok,3040000.0,0.0,"[6, 2, None, None, None]",0,0,6.92,3
Tyler Adams,MID,20,6.871374,US,ok,3140000.0,40000.0,"[6, 2, None, None, None]",0,0,6.87,1
Tyrell Malacia,DEF,20,7.538647999999999,Netherlands,ok,1270000.0,-30000.0,"[None, None, None, None, None]",0,0,6.92,447
Vitinha,MID,20,7.506892,Portugal,ok,2900000.0,-90000.0,"[None, None, None, None, None]",0,0,7.09,294
Wataru Endo,MID,20,6.6304,Japan,ok,2350000.0,-40000.0,"[2, 2, None, None, None]",0,0,7.0,-264
Aaron Ramsdale,GK,19,7.1163359999999996,England,ok,1360000.0,-20000.0,"[None, None, None, None, None]",0,0,6.84,202
Alexander Djiku,DEF,19,6.618842,Ghana,ok,1410000.0,-10000.0,"[2, 2, None, None, None]",0,0,7.01,-279
Amadou Onana,MID,19,6.964175999999999,Belgium,sanctioned,2100000.0,-60000.0,"[2, 2, None, None, None]",0,0,6.96,3
Ansu Fati,ATT,19,7.127456,Spain,ok,6160000.0,-190000.0,"[None, None, None, None, None]",0,0,6.77,264
Witsel,MID,19,6.934157999999999,Belgium,ok,5110000.0,20000.0,"[2, 2, None, None, None]",0,0,6.93,3
Borna Sosa,DEF,19,7.265637999999999,Croatia,ok,2940000.0,100000.0,"[2, 6, None, None, None]",0,0,7.27,-3
Cristian Roldán,MID,19,7.211442,US,ok,1670000.0,-40000.0,"[None, None, None, None, None]",0,0,7.21,1
Conor Gallagher,MID,19,7.157952,England,ok,1640000.0,-40000.0,"[None, None, None, None, None]",0,0,6.88,202
Daniel Wass,MID,19,7.42742,Denmark,ok,2620000.0,-90000.0,"[None, None, None, None, None]",0,0,7.15,194
Diogo Costa,GK,19,7.379835999999999,Portugal,ok,4080000.0,70000.0,"[10, -2, None, None, None]",0,0,6.97,294
Erick Gutierrez,MID,19,7.174536,Mexico,ok,1780000.0,-20000.0,"[2, None, None, None, None]",0,0,6.99,132
Éverton Ribeiro,MID,19,7.91508,Brazil,ok,1670000.0,-30000.0,"[None, None, None, None, None]",0,0,7.1,574
Gerónimo Rulli,GK,19,7.391342000000001,Argentina,ok,2050000.0,-80000.0,"[None, None, None, None, None]",0,0,7.03,257
Gonçalo Ramos,ATT,19,7.4116,Portugal,ok,1840000.0,-30000.0,"[2, 0, None, None, None]",0,0,7.0,294
Krychowiak,MID,19,6.583284000000001,Poland,ok,3230000.0,50000.0,"[2, 6, None, None, None]",0,0,6.94,-257
Idrissa Gueye,MID,19,6.841139999999999,Senegal,ok,3300000.0,20000.0,"[6, 2, None, None, None]",0,0.1,6.96,-155
Ivan Ilic,MID,19,6.737038,Serbia,ok,1670000.0,-30000.0,"[None, -2, None, None, None]",0,0,6.79,-39
Jesper Lindstrøm,MID,19,7.136556,Denmark,ok,2110000.0,10000.0,"[2, 2, None, None, None]",0,0,6.87,194
José Cifuentes,MID,19,7.227309999999999,Ecuador,ok,1940000.0,-40000.0,"[None, 2, None, None, None]",0,0,7.01,155
José Sá,GK,19,7.379835999999999,Portugal,ok,1360000.0,-30000.0,"[None, None, None, None, None]",0,0,6.97,294
Josip Sutalo,DEF,19,7.1856860000000005,Croatia,ok,1200000.0,-40000.0,"[None, None, None, None, None]",0,0,7.19,-3
Brandt,MID,19,7.33998,Germany,ok,1930000.0,-70000.0,"[None, None, None, None, None]",0,0,7.1,169
Kang-in Lee,MID,19,6.428396,South Korea,ok,3970000.0,-20000.0,"[10, 2, None, None, None]",0,0,6.83,-294
Karim Adeyemi,MID,19,7.060854000000001,Germany,ok,2420000.0,-90000.0,"[None, None, None, None, None]",0,0,6.83,169
Trapp,GK,19,7.08153,Germany,ok,1050000.0,-20000.0,"[None, None, None, None, None]",0,0,6.85,169
Lucas Hernández,DEF,19,7.471392000000001,France,injured,3820000.0,-230000.0,"['injured', 0, None, None, None]",0,0,6.98,352
Luis Romo,MID,19,7.051368,Mexico,ok,1640000.0,-50000.0,"[None, None, None, None, None]",0,0,6.87,132
Mathías Olivera,DEF,19,7.369484000000001,Uruguay,ok,3380000.0,20000.0,"[6, 2, None, None, None]",0,0,6.98,279
Manuel Ugarte,MID,19,7.263904,Uruguay,ok,1850000.0,-40000.0,"[None, None, None, None, None]",0,0,6.88,279
Moisés Caicedo,MID,19,7.16545,Ecuador,ok,3540000.0,70000.0,"[6, 6, None, None, None]",0,0,6.95,155
Maksimović,MID,19,6.756881999999999,Serbia,ok,2240000.0,-10000.0,"[2, 0, None, None, None]",0,0,6.81,-39
Nico Williams,ATT,19,7.2011519999999996,Spain,ok,4890000.0,60000.0,"[2, 6, None, None, None]",0,0,6.84,264
Frankowski,MID,19,6.573798,Poland,ok,2040000.0,40000.0,"[2, 0, None, None, None]",0,0,6.93,-257
Romain Saïss,DEF,19,7.094934,Morocco,ok,2100000.0,170000.0,"[11, 2, None, None, None]",0,0,6.93,119
Stephen Eustáquio,MID,19,6.9700679999999995,Canada,ok,2470000.0,-20000.0,"[2, 6, None, None, None]",0,0.1,7.04,-119
Sebastian Szymanski,MID,19,6.905808,Poland,ok,2300000.0,-60000.0,"[None, 2, None, None, None]",0,0,7.28,-257
Saša Lukić,MID,19,6.965243999999999,Serbia,ok,2240000.0,-20000.0,"[2, 2, None, None, None]",0,0,7.02,-39
Kjær,DEF,19,7.178108,Denmark,ok,3060000.0,-120000.0,"[None, 2, None, None, None]",0,0,6.91,194
Alderweireld,DEF,19,7.104259999999999,Belgium,ok,4380000.0,30000.0,"[2, 6, None, None, None]",0,0,7.1,3
Victor Nelsson,DEF,19,7.136556,Denmark,ok,1230000.0,-10000.0,"[2, None, None, None, None]",0,0,6.87,194
Walker Zimmerman,DEF,19,7.101419999999999,US,ok,1570000.0,10000.0,"[6, -2, None, None, None]",0,0,7.10,1
Widmer Silvan,DEF,19,6.973976,Switzerland,ok,1960000.0,40000.0,"[6, 2, None, None, None]",0,0,6.92,39
William Carvalho,MID,19,7.369248,Portugal,ok,4510000.0,50000.0,"[6, 2, None, None, None]",0,0,6.96,294
Szczęsny,GK,19,6.630714,Poland,ok,3840000.0,70000.0,"[10, 6, None, None, None]",0,0,6.99,-257
Shaqiri,ATT,19,7.195692,Switzerland,ok,3850000.0,-20000.0,"[None, 6, None, None, None]",0,0,7.14,39
Sommer,GK,19,7.135224,Switzerland,ok,3960000.0,90000.0,"[6, 10, None, None, None]",0,0,7.08,39
Youssouf Fofana,MID,19,7.321536,France,ok,2800000.0,-30000.0,"[0, 2, None, None, None]",0,0,6.84,352
Christian Günter,DEF,18,7.205586,Germany,ok,1850000.0,-60000.0,"[None, None, None, None, None]",0,0,6.97,169
Daniel James,ATT,18,6.381340000000001,Wales,ok,1920000.0,-50000.0,"[2, -2, None, None, None]",0,0,6.65,-202
Hugo Guillamón,MID,18,7.169567999999999,Spain,ok,1660000.0,-30000.0,"[None, 'injured', None, None, None]",0,0,6.81,264
Akanji,DEF,18,6.943742,Switzerland,ok,3700000.0,-10000.0,"[6, 2, None, None, None]",0,0,6.89,39
Götze,MID,18,7.2366,Germany,ok,2370000.0,-90000.0,"[None, -2, None, None, None]",0,0,7.0,169
Nathan Aké,DEF,18,7.560436,Netherlands,ok,3690000.0,70000.0,"[6, 2, None, None, None]",0,0,6.94,447
Noa Lang,MID,18,7.702058,Netherlands,ok,1700000.0,-40000.0,"[None, None, None, None, None]",0,0,7.07,447
Kolo Muani,ATT,18,7.43928,France,ok,1330000.0,-30000.0,"[None, None, None, None, None]",0,0,6.95,352
Raphaël Guerreiro,DEF,18,7.453952,Portugal,ok,4060000.0,110000.0,"[6, 6, None, None, None]",0,0,7.04,294
Selim Amallah,MID,18,7.064220000000001,Morocco,ok,2180000.0,100000.0,"[6, 2, None, None, None]",0,0,6.9,119
Takehiro Tomiyasu,DEF,18,6.4693760000000005,Japan,ok,1490000.0,-50000.0,"['doubt', 6, None, None, None]",0,0,6.83,-264
Tajon Buchanan,ATT,18,6.511253999999999,Canada,ok,2170000.0,-40000.0,"[6, 6, None, None, None]",0,0,6.67,-119
Alex Telles,DEF,17,7.669824,Brazil,ok,2220000.0,-50000.0,"[0, None, None, None, None]",0,0,6.88,574
Alexis Vega,ATT,17,7.656944,Mexico,ok,2120000.0,20000.0,"[2, 6, None, None, None]",0.2,0,7.26,132
Carlos Rodriguez,MID,17,7.13348,Mexico,ok,1720000.0,-50000.0,"[None, 2, None, None, None]",0,0,6.95,132
Christian Nørgaard,MID,17,7.354704,Denmark,ok,1390000.0,-20000.0,"[0, None, None, None, None]",0,0,7.08,194
Livaković,GK,17,6.955824,Croatia,ok,3530000.0,40000.0,"[2, 6, None, None, None]",0,0,6.96,-3
Jérémy Doku,ATT,17,6.924151999999999,Belgium,ok,1450000.0,-50000.0,"[None, None, None, None, None]",0,0,6.92,3
Josip Juranovic,DEF,17,7.14571,Croatia,ok,1680000.0,120000.0,"[6, 2, None, None, None]",0,0,7.15,-3
Luka Sucic,MID,17,7.14571,Croatia,ok,1440000.0,-40000.0,"[None, None, None, None, None]",0,0,7.15,-3
Mathias Jensen,MID,17,7.095003999999999,Denmark,ok,1910000.0,-50000.0,"[None, 2, None, None, None]",0,0,6.83,194
Milenković,DEF,17,6.975166,Serbia,ok,2820000.0,10000.0,"[-2, 6, None, None, None]",0,0,7.03,-39
Noah Okafor,ATT,17,7.044522000000001,Switzerland,ok,1470000.0,-40000.0,"[None, 2, None, None, None]",0,0,6.99,39
Papu Gómez,ATT,17,7.307230000000001,Argentina,ok,2720000.0,-100000.0,"[None, -2, None, None, None]",0,0,6.95,257
Thilo Kehrer,DEF,17,6.947136,Germany,ok,1310000.0,40000.0,"[-2, None, None, None, None]",0,0,6.72,169
Thorgan Hazard,ATT,17,6.734038,Belgium,ok,2910000.0,0.0,"[6, None, None, None, None]",0,0,6.73,3
Abdou Diallo,DEF,16,6.7829999999999995,Senegal,ok,930000.0,30000.0,"[2, 2, None, None, None]",0,0,7.0,-155
Alexander Bah,DEF,16,7.271599999999999,Denmark,ok,610000.0,-10000.0,"[0, None, None, None, None]",0,0,7.0,194
André Onana,GK,16,6.116732,Cameroon,discarded,2980000.0,-100000.0,"['discarded', 2, None, None, None]",0,0,6.91,-574
Milik,ATT,16,6.621228,Poland,ok,2260000.0,-20000.0,"[2, 2, None, None, None]",0,0,6.98,-257
Axel Disasi,DEF,16,7.578432,France,ok,1500000.0,-30000.0,"[None, None, None, None, None]",0,0,7.08,352
Ben White,DEF,16,7.23078,England,doubt,1580000.0,-50000.0,"[None, None, None, None, None]",0,0,6.95,202
Brennan Johnson,ATT,16,6.7172,Wales,ok,1340000.0,-30000.0,"[2, 2, None, None, None]",0,0,7.00,-202
Enner Valencia,ATT,16,8.000559999999998,Ecuador,doubt,3430000.0,120000.0,"[9, 16, None, None, None]",0.7,0,7.06,155
Schär,DEF,16,7.074756,Switzerland,ok,1390000.0,-50000.0,"[None, None, None, None, None]",0,0,7.02,39
Foyth,DEF,16,7.181062000000001,Argentina,ok,2350000.0,-110000.0,"[None, None, None, None, None]",0,0,6.83,257
Germán Pezzella,DEF,16,7.307230000000001,Argentina,ok,1260000.0,-30000.0,"[None, None, None, None, None]",0,0,6.95,257
Gonzalo Montiel,DEF,16,6.981296,Argentina,ok,1340000.0,10000.0,"[2, None, None, None, None]",0,0,6.64,257
Henry Martín,ATT,16,7.1848,Mexico,ok,1220000.0,-40000.0,"[None, 2, None, None, None]",0,0,7.0,132
Ibrahima Konaté,DEF,16,7.417872,France,ok,3800000.0,120000.0,"[2, 6, None, None, None]",0,0,6.93,352
Juan Pablo Vargas,DEF,16,6.850357999999999,Costa Rica,ok,650000.0,-20000.0,"[None, None, None, None, None]",0,0,7.09,-169
Jeremie Frimpong,DEF,16,7.397025999999999,Netherlands,ok,1710000.0,-40000.0,"[None, None, None, None, None]",0,0,6.79,447
Justin Bijlow,GK,16,7.407919999999999,Netherlands,ok,1780000.0,-40000.0,"[None, None, None, None, None]",0,0,6.8,447
Keylor Navas,GK,16,6.821371999999999,Costa Rica,ok,3140000.0,-30000.0,"[6, -2, None, None, None]",0,0,7.06,-169
Casteels,GK,16,6.984188,Belgium,ok,1030000.0,-20000.0,"[None, None, None, None, None]",0,0,6.98,3
Luuk De Jong,ATT,16,7.505965999999999,Netherlands,ok,2000000.0,-60000.0,"[None, None, None, None, None]",0,0,6.89,447
Marcos Acuña,DEF,16,7.328258000000001,Argentina,ok,3520000.0,70000.0,"[2, -2, None, None, None]",0,0,6.97,257
Marko Livaja,ATT,16,7.4955,Croatia,ok,1600000.0,150000.0,"[9, 2, None, None, None]",0,0,7.5,-3
Braithwaite,ATT,16,6.939183999999999,Denmark,ok,2570000.0,-30000.0,"[2, None, None, None, None]",0,0.1,6.58,194
Batshuayi,ATT,16,6.914146,Belgium,ok,3970000.0,60000.0,"[2, 13, None, None, None]",0,0,6.91,3
Mohammed Salisu,DEF,16,6.51498,Ghana,ok,1300000.0,70000.0,"[7, 2, None, None, None]",0,0,6.9,-279
Ricardo Rodríguez,DEF,16,6.923586,Switzerland,ok,2670000.0,60000.0,"[2, 6, None, None, None]",0,0,6.87,39
Robert Arboleda,DEF,16,7.299479999999999,Ecuador,ok,1110000.0,-20000.0,"[None, None, None, None, None]",0,0,7.08,155
Sardar Azmoun,ATT,16,6.788642,Iran,ok,1190000.0,20000.0,"[6, 2, None, None, None]",0,0,6.79,-1
Sofiane Boufal,ATT,16,7.954926,Morocco,ok,2060000.0,100000.0,"[6, 2, None, None, None]",0.7,0,7.07,119
Takefusa Kubo,ATT,16,6.639872,Japan,ok,3530000.0,-200000.0,"[None, 2, None, None, None]",0,0.1,6.91,-264
Poulsen,ATT,16,6.90802,Denmark,ok,1700000.0,-60000.0,"[None, None, None, None, None]",0,0,6.65,194
Arthur Theate,DEF,15,6.804079999999999,Belgium,ok,600000.0,-10000.0,"[None, None, None, None, None]",0,0,6.8,3
Ben Davies,DEF,15,6.611644,Wales,ok,2500000.0,-30000.0,"[2, 6, None, None, None]",0,0,6.89,-202
Bono,GK,15,7.023268000000001,Morocco,ok,3680000.0,30000.0,"[None, 10, None, None, None]",0,0,6.86,119
César Montes,DEF,15,7.0616319999999995,Mexico,ok,1360000.0,60000.0,"[6, 6, None, None, None]",0,0,6.88,132
Diego Palacios,DEF,15,7.299479999999999,Ecuador,ok,610000.0,-10000.0,"[None, None, None, None, None]",0,0,7.08,155
Facundo Torres,ATT,15,7.559528,Uruguay,ok,1170000.0,-30000.0,"[None, None, None, None, None]",0,0,7.16,279
Héctor Herrera,MID,15,7.1950639999999995,Mexico,ok,3040000.0,70000.0,"[6, 6, None, None, None]",0,0.1,6.91,132
Lloris,GK,15,7.43928,France,ok,6030000.0,110000.0,"[6, 2, None, None, None]",0,0,6.95,352
Ilias Chair,MID,15,7.320170000000001,Morocco,ok,1170000.0,-30000.0,"[None, None, None, None, None]",0,0,7.15,119
Vertonghen,DEF,15,6.974181999999999,Belgium,ok,3660000.0,30000.0,"[2, 6, None, None, None]",0,0,6.97,3
Jesús Gallardo,DEF,15,7.164272,Mexico,ok,1780000.0,10000.0,"[2, 6, None, None, None]",0,0,6.98,132
Joel Campbell,ATT,15,6.821371999999999,Costa Rica,ok,1450000.0,-10000.0,"[6, -2, None, None, None]",0,0.1,6.96,-169
Jonas Wind,ATT,15,7.47936,Denmark,ok,980000.0,-30000.0,"[None, 'doubt', None, None, None]",0,0,7.2,194
Karol Swiderski,ATT,15,6.725574,Poland,ok,1040000.0,-30000.0,"[None, None, None, None, None]",0,0,7.09,-257
Luis Chávez,MID,15,7.420872,Mexico,ok,1590000.0,20000.0,"[2, 2, None, None, None]",0,0,7.23,132
Jović,ATT,15,6.786648,Serbia,ok,2240000.0,-90000.0,"[None, None, None, None, None]",0,0,6.84,-39
Lukas Klostermann,DEF,15,7.060854000000001,Germany,ok,1510000.0,-10000.0,"[2, 'doubt', None, None, None]",0,0,6.83,169
Nayef Aguerd,DEF,15,7.197314,Morocco,ok,1960000.0,180000.0,"[6, 6, None, None, None]",0,0,7.03,119
Nick Pope,GK,15,7.386839999999999,England,ok,1370000.0,-30000.0,"[None, None, None, None, None]",0,0,7.1,202
Roberto Alvarado,ATT,15,7.143744,Mexico,ok,1000000.0,-10000.0,"[2, None, None, None, None]",0,0,6.96,132
Strahinja Pavlovic,DEF,15,6.99501,Serbia,ok,1190000.0,110000.0,"[11, 6, None, None, None]",0,0,7.05,-39
Sebastián Coates,DEF,15,7.316694,Uruguay,ok,1830000.0,-50000.0,"[2, None, None, None, None]",0,0,6.93,279
Sergiño Dest,DEF,15,6.601319999999999,US,ok,2510000.0,20000.0,"[2, 2, None, None, None]",0,0,6.6,1
Mignolet,GK,15,7.1242719999999995,Belgium,ok,1070000.0,-20000.0,"[None, None, None, None, None]",0,0,7.12,3
Wout Faes,DEF,15,7.05423,Belgium,ok,660000.0,-20000.0,"[None, None, None, None, None]",0,0,7.05,3
Yunus Musah,MID,15,6.771354,US,ok,3190000.0,40000.0,"[2, 6, None, None, None]",0,0,6.77,1
Alex Sandro,DEF,14,7.680972,Brazil,ok,4370000.0,200000.0,"[2, 6, None, None, None]",0,0,6.89,574
Barišić,DEF,14,7.055763999999999,Croatia,ok,1190000.0,-40000.0,"[None, None, None, None, None]",0,0,7.06,-3
Christian Fassnacht,MID,14,7.135224,Switzerland,ok,1150000.0,-30000.0,"[None, None, None, None, None]",0,0,7.08,39
Connor Roberts,DEF,14,6.602048,Wales,ok,930000.0,-10000.0,"[-2, 2, None, None, None]",0,0,6.88,-202
David Raya,GK,14,7.338016,Spain,ok,910000.0,-10000.0,"[None, None, None, None, None]",0,0,6.97,264
Lovren,DEF,14,7.225662,Croatia,ok,3020000.0,190000.0,"[6, 2, None, None, None]",0,0,7.23,-3
Gerardo Arteaga,DEF,14,6.917936,Mexico,ok,610000.0,-20000.0,"[None, None, None, None, None]",0,0,6.74,132
Gonzalo Plata,ATT,14,7.093279999999999,Ecuador,ok,2830000.0,70000.0,"[6, 6, None, None, None]",0,0,6.88,155
Gregor Kobel,GK,14,6.9840539999999995,Switzerland,ok,1020000.0,-20000.0,"[None, None, None, None, None]",0,0,6.93,39
Joseph Aidoo,DEF,14,6.439444000000001,Ghana,ok,1150000.0,-40000.0,"[None, None, None, None, None]",0,0,6.82,-279
Kellyn Acosta,MID,14,6.961392,US,ok,1090000.0,-20000.0,"[None, 2, None, None, None]",0,0,6.96,1
Kevin Álvarez,DEF,14,7.154007999999999,Mexico,ok,620000.0,-10000.0,"[2, None, None, None, None]",0,0,6.97,132
Martin Erlic,DEF,14,6.935836,Croatia,ok,580000.0,-10000.0,"[None, None, None, None, None]",0,0,6.94,-3
Matty Cash,DEF,14,6.469452,Poland,ok,1640000.0,20000.0,"[2, 2, None, None, None]",0,0,6.82,-257
Neco Williams,DEF,14,6.66922,Wales,ok,1220000.0,-30000.0,"[-2, 2, None, None, None]",0,0,6.95,-202
Robert Sánchez,GK,14,7.180096,Spain,ok,880000.0,-10000.0,"[None, None, None, None, None]",0,0,6.82,264
Rubén Vargas,ATT,14,6.621246,Switzerland,ok,1530000.0,-10000.0,"[-2, 2, None, None, None]",0,0,6.57,39
Bella-Kotchap,DEF,13,7.195248,Germany,ok,540000.0,-10000.0,"[None, None, None, None, None]",0,0,6.96,169
Alistair Johnston,DEF,13,6.7455419999999995,Canada,ok,840000.0,-10000.0,"[2, 6, None, None, None]",0,0,6.91,-119
Aaron Long,DEF,13,6.851369999999999,US,ok,640000.0,-20000.0,"[None, None, None, None, None]",0,0,6.85,1
Cornelius,ATT,13,6.232799999999999,Denmark,ok,1090000.0,0.0,"[2, -2, None, None, None]",0,0,6.00,194
Bereszyński,DEF,13,6.336647999999999,Poland,ok,1040000.0,50000.0,"[2, 2, None, None, None]",0,0,6.68,-257
Daniel Amartey,DEF,13,6.505538,Ghana,ok,980000.0,30000.0,"[6, 2, None, None, None]",0,0,6.89,-279
Darko Lazović,MID,13,6.856102,Serbia,ok,1100000.0,-30000.0,"[None, -2, None, None, None]",0,0,6.91,-39
Denis Odoi,DEF,13,6.56219,Ghana,ok,560000.0,-10000.0,"[2, None, None, None, None]",0,0,6.95,-279
Godín,DEF,13,7.295578000000001,Uruguay,ok,3520000.0,40000.0,"[2, 6, None, None, None]",0,0,6.91,279
Vida,DEF,13,6.955824,Croatia,doubt,1150000.0,-50000.0,"['doubt', None, None, None, None]",0,0,6.96,-3
Dylan Bronn,DEF,13,6.265504,Tunisia,ok,960000.0,0.0,"[2, 6, None, None, None]",0,0,6.74,-352
Filip Mladenovic,DEF,13,7.163684,Serbia,ok,650000.0,-10000.0,"[None, 2, None, None, None]",0,0,7.22,-39
Calvo,DEF,13,6.782723999999999,Costa Rica,sanctioned,670000.0,-20000.0,"[6, -2, None, None, None]",0,0,7.02,-169
Gareth Bale,ATT,13,7.331344,Wales,ok,4620000.0,-90000.0,"[-2, 9, None, None, None]",0.7,0.1,6.84,-202
Harry Wilson,MID,13,6.870736,Wales,ok,1510000.0,-20000.0,"[-2, 2, None, None, None]",0,0,7.16,-202
Héctor Moreno,DEF,13,7.0308399999999995,Mexico,ok,1730000.0,20000.0,"[2, 6, None, None, None]",0,0,6.85,132
Jean-Charles Castelletto,DEF,13,6.01936,Cameroon,ok,1120000.0,120000.0,"[11, 6, None, None, None]",0,0,6.8,-574
Jakub Kiwior,DEF,13,6.488424,Poland,ok,1240000.0,110000.0,"[6, 6, None, None, None]",0,0,6.84,-257
Stryger Larsen,DEF,13,7.043064,Denmark,ok,560000.0,-10000.0,"[None, None, None, None, None]",0,0,6.78,194
Joe Rodon,DEF,13,6.602048,Wales,ok,780000.0,-10000.0,"[2, 2, None, None, None]",0,0,6.88,-202
Jordan Morris,ATT,13,6.891378,US,ok,690000.0,-20000.0,"[None, 0, None, None, None]",0,0,6.89,1
Jorge Sánchez,DEF,13,6.97952,Mexico,ok,770000.0,-30000.0,"[None, 2, None, None, None]",0,0,6.8,132
Krzysztof Piątek,ATT,13,6.412535999999999,Poland,ok,920000.0,-10000.0,"[2, None, None, None, None]",0,0,6.76,-257
Kamaldeen Sulemana,ATT,13,6.241162000000001,Ghana,ok,930000.0,-30000.0,"[None, None, None, None, None]",0,0,6.61,-279
Kamil Grabara,GK,13,6.8204340000000006,Poland,ok,1050000.0,-20000.0,"[None, None, None, None, None]",0,0,7.19,-257
Waston,DEF,13,5.7972,Costa Rica,ok,520000.0,0.0,"[6, -2, None, None, None]",0,0,6.0,-169
Kenneth Taylor,MID,13,7.702058,Netherlands,ok,940000.0,-20000.0,"[None, None, None, None, None]",0,0,7.07,447
Krépin Diatta,ATT,13,6.598889999999999,Senegal,ok,1220000.0,-10000.0,"[2, 2, None, None, None]",0,0,6.81,-155
Kristijan Jakic,MID,13,6.586046,Croatia,ok,1030000.0,-20000.0,"[None, None, None, None, None]",0,0,6.59,-3
Mikkel Damsgaard,ATT,13,7.043064,Denmark,ok,1940000.0,0.0,"[2, 2, None, None, None]",0,0,6.78,194
Grujić,MID,13,6.7668040000000005,Serbia,ok,1080000.0,-30000.0,"[0, None, None, None, None]",0,0,6.82,-39
Matías Viña,DEF,13,7.052744000000001,Uruguay,ok,770000.0,0.0,"[0, 2, None, None, None]",0,0,6.68,279
Maxi Gómez,ATT,13,7.073860000000001,Uruguay,ok,1010000.0,-20000.0,"[6, None, None, None, None]",0,0,6.70,279
Maya Yoshida,DEF,13,6.516736,Japan,ok,1060000.0,0.0,"[2, 2, None, None, None]",0,0,6.88,-264
Veljković,DEF,13,6.875946,Serbia,ok,1230000.0,40000.0,"[2, 6, None, None, None]",0,0,6.93,-39
Néstor Araujo,DEF,13,7.0000480000000005,Mexico,ok,1180000.0,-20000.0,"[2, None, None, None, None]",0,0,6.82,132
Nouhou,DEF,13,6.099028,Cameroon,ok,670000.0,0.0,"[2, 2, None, None, None]",0,0,6.89,-574
Óscar Duarte,DEF,13,6.550836,Costa Rica,ok,890000.0,-10000.0,"[2, -2, None, None, None]",0,0,6.78,-169
Rajković,GK,13,7.024776,Serbia,ok,1640000.0,-40000.0,"[None, None, None, None, None]",0,0,7.08,-39
Renato Steffen,ATT,13,6.95382,Switzerland,ok,850000.0,-20000.0,"[2, None, None, None, None]",0,0,6.9,39
Robert Gumny,DEF,13,6.298704,Poland,ok,550000.0,-10000.0,"[None, None, None, None, None]",0,0,6.64,-257
Rui Patrício,GK,13,7.199839999999999,Portugal,ok,2490000.0,-70000.0,"[None, None, None, None, None]",0,0,6.8,294
Salem Al-Dawsari,ATT,13,7.214376,Saudi Arabia,ok,1520000.0,90000.0,"[6, 13, None, None, None]",0,0.1,7.31,-132
Sofyan Amrabat,MID,13,7.094934,Morocco,ok,2620000.0,210000.0,"[6, 6, None, None, None]",0,0,6.93,119
Aissa Laïdouni,MID,12,6.60016,Tunisia,ok,1060000.0,20000.0,"[2, 6, None, None, None]",0,0.1,7.0,-352
Aaron Ramsey,MID,12,6.76518,Wales,ok,1810000.0,-40000.0,"[-2, 2, None, None, None]",0,0,7.05,-202
Alireza Jahanbakhsh,ATT,12,7.04859,Iran,sanctioned,660000.0,-10000.0,"[2, 2, None, None, None]",0,0,7.05,-1
André Ayew,ATT,12,5.6652000000000005,Ghana,ok,1300000.0,120000.0,"[6, 9, None, None, None]",0,0,6.0,-279
Ángel Mena,ATT,12,7.144829999999999,Ecuador,ok,720000.0,-10000.0,"[None, None, None, None, None]",0,0.1,6.83,155
Ante Budimir,ATT,12,6.785926,Croatia,ok,1210000.0,-50000.0,"[None, None, None, None, None]",0,0,6.79,-3
António Silva,DEF,12,7.750416,Portugal,ok,940000.0,-20000.0,"[None, None, None, None, None]",0,0,7.32,294
Ben Cabango,DEF,12,6.62124,Wales,ok,490000.0,-10000.0,"[None, None, None, None, None]",0,0,6.9,-202
Bruno Petkovic,ATT,12,7.065758,Croatia,ok,700000.0,-10000.0,"[2, None, None, None, None]",0,0,7.07,-3
Cheikhou Kouyaté,MID,12,6.60858,Senegal,doubt,1550000.0,-30000.0,"['doubt', 6, None, None, None]",0,0,6.82,-155
Cyle Larin,ATT,12,7.126259999999999,Canada,ok,850000.0,-20000.0,"[2, 2, None, None, None]",0.7,0,6.6,-119
Daniel-Kofi Kyereh,MID,12,6.486654000000001,Ghana,ok,600000.0,0.0,"[2, 0, None, None, None]",0,0,6.87,-279
Dani Alves,DEF,12,8.149188,Brazil,ok,1620000.0,-30000.0,"[None, None, None, None, None]",0,0,7.31,574
DeAndre Yedlin,DEF,12,6.631326,US,ok,500000.0,-10000.0,"[None, 2, None, None, None]",0,0,6.63,1
Ethan Ampadu,DEF,12,6.62124,Wales,ok,880000.0,0.0,"[2, 2, None, None, None]",0,0,6.9,-202
Muslera,GK,12,7.622876000000001,Uruguay,ok,2550000.0,-80000.0,"[None, None, None, None, None]",0,0,7.22,279
N'Koudou,ATT,12,6.010508,Cameroon,ok,650000.0,-10000.0,"[0, 0, None, None, None]",0,0,6.79,-574
Seferović,ATT,12,6.772416,Switzerland,ok,1600000.0,-30000.0,"[0, 2, None, None, None]",0,0,6.72,39
Hee Chan Hwang,ATT,12,6.30604,South Korea,injured,820000.0,-40000.0,"['injured', 'doubt', None, None, None]",0,0,6.70,-294
Hidemasa Morita,MID,12,6.459904000000001,Japan,ok,770000.0,0.0,"[2, None, None, None, None]",0,0,6.82,-264
Hiroki Ito,DEF,12,6.4977920000000005,Japan,ok,530000.0,-10000.0,"[2, None, None, None, None]",0,0,6.86,-264
Hiroki Sakai,DEF,12,6.5830400000000004,Japan,ok,670000.0,-20000.0,"['doubt', 2, None, None, None]",0,0,6.95,-264
Irvine,MID,12,6.728400000000001,Australia,ok,1080000.0,50000.0,"[6, 2, None, None, None]",0,0,7.00,-194
Jackson Porozo,DEF,12,7.186069999999999,Ecuador,ok,550000.0,0.0,"[2, None, None, None, None]",0,0,6.97,155
Jae Sung Lee,MID,12,6.597812,South Korea,ok,1280000.0,-10000.0,"[None, 2, None, None, None]",0,0.1,6.91,-294
Jakub Kaminski,ATT,12,6.374592,Poland,ok,670000.0,10000.0,"[2, 2, None, None, None]",0,0,6.72,-257
Joe Scally,DEF,12,6.631326,US,ok,480000.0,-10000.0,"[None, None, None, None, None]",0,0,6.63,1
Jonas Omlin,GK,12,7.266238,Switzerland,ok,730000.0,-10000.0,"[None, None, None, None, None]",0,0,7.21,39
Jordan Ayew,ATT,12,6.694378,Ghana,ok,1110000.0,10000.0,"[6, 2, None, None, None]",0.2,0.1,6.79,-279
Josh Sargent,ATT,12,6.911382,US,ok,800000.0,-10000.0,"[2, 2, None, None, None]",0,0,6.91,1
Kamal Miller,DEF,12,6.716256,Canada,ok,840000.0,0.0,"[2, 6, None, None, None]",0,0,6.88,-119
Glik,DEF,12,6.59277,Poland,ok,1750000.0,50000.0,"[2, 6, None, None, None]",0,0,6.95,-257
Schmeichel,GK,12,7.188496,Denmark,ok,4120000.0,30000.0,"[2, 6, None, None, None]",0,0,6.92,194
Mateusz Wieteska,DEF,12,6.602256,Poland,ok,480000.0,-10000.0,"[None, None, None, None, None]",0,0,6.96,-257
Mamadou Loum,MID,12,6.56982,Senegal,ok,650000.0,-10000.0,"[None, None, None, None, None]",0,0,6.78,-155
Michael Estrada,ATT,12,7.041729999999999,Ecuador,ok,1620000.0,90000.0,"[6, 6, None, None, None]",0,0,6.83,155
Milad Mohammadi,DEF,12,6.828634,Iran,ok,560000.0,0.0,"[2, -2, None, None, None]",0,0,6.83,-1
Moumi Ngamaleu,ATT,12,6.435403999999999,Cameroon,ok,760000.0,-20000.0,"[None, 0, None, None, None]",0.3,0.1,6.87,-574
Nicola Zalewski,MID,12,6.384078000000001,Poland,ok,1300000.0,-50000.0,"[None, 2, None, None, None]",0,0,6.73,-257
Pape Abou Cissé,DEF,12,6.77331,Senegal,ok,1030000.0,20000.0,"[2, 6, None, None, None]",0,0,6.99,-155
Pape Gueye,MID,12,6.60858,Senegal,ok,1430000.0,-30000.0,"[None, 2, None, None, None]",0,0,6.82,-155
Pepe,DEF,12,7.369248,Portugal,ok,2140000.0,130000.0,"[6, 'doubt', None, None, None]",0,0,6.96,294
Robert Skov,ATT,12,7.230047999999999,Denmark,ok,660000.0,-10000.0,"[None, None, None, None, None]",0,0,6.96,194
Stefan Mitrović,DEF,12,6.64774,Serbia,ok,1000000.0,-30000.0,"[2, None, None, None, None]",0,0,6.7,-39
Takumi Minamino,ATT,12,7.104,Japan,ok,1690000.0,-60000.0,"[2, 2, None, None, None]",0.5,0,7.0,-264
Tariq Lamptey,DEF,12,6.354466,Ghana,ok,630000.0,0.0,"[-2, 2, None, None, None]",0,0,6.73,-279
Ui-jo Hwang,ATT,12,6.25898,South Korea,ok,920000.0,-10000.0,"[None, 6, None, None, None]",0,0,6.65,-294
Uriel Antuna,MID,12,7.1848,Mexico,ok,960000.0,0.0,"[2, 2, None, None, None]",0,0,7.0,132
Vincent Aboubakar,ATT,12,6.90456,Cameroon,ok,1390000.0,40000.0,"[13, 0, None, None, None]",0.7,0,7.1,-574
Vincent Janssen,ATT,12,7.723845999999999,Netherlands,ok,860000.0,-10000.0,"[None, 2, None, None, None]",0,0,7.09,447
Wahbi Khazri,ATT,12,7.139328,Tunisia,ok,800000.0,-20000.0,"[2, None, None, None, None]",0.7,0.1,6.88,-352
Weverton,GK,12,7.8593399999999995,Brazil,ok,540000.0,-10000.0,"[None, None, None, None, None]",0,0,7.05,574
Baba Rahman,DEF,11,6.316698000000001,Ghana,ok,550000.0,0.0,"[2, 2, None, None, None]",0,0,6.69,-279
Agustín Canobbio,ATT,11,7.073860000000001,Uruguay,ok,580000.0,-20000.0,"[None, None, None, None, None]",0,0,6.7,279
Antonee Robinson,DEF,11,6.921384,US,ok,1350000.0,30000.0,"[2, 2, None, None, None]",0,0,6.92,1
Alfred Gomis,GK,11,6.26943,Senegal,ok,580000.0,-10000.0,"[None, None, None, None, None]",0,0,6.47,-155
Alidu Seidu,DEF,11,6.345024,Ghana,ok,520000.0,0.0,"[None, 2, None, None, None]",0,0,6.72,-279
Aréola,GK,11,7.300128000000001,France,doubt,530000.0,-10000.0,"[None, None, None, None, None]",0,0,6.82,352
Ayrton Preciado,ATT,11,6.186,Ecuador,ok,660000.0,-10000.0,"[None, None, None, None, None]",0,0,6.0,155
Bryan Ruiz,MID,11,5.7972,Costa Rica,ok,600000.0,-20000.0,"[None, -2, None, None, None]",0,0,6.0,-169
Carter-Vickers,DEF,11,7.171434,US,ok,700000.0,-20000.0,"[None, None, None, None, None]",0,0,7.17,1
Choupo-Moting,ATT,11,6.532776,Cameroon,ok,3140000.0,10000.0,"[9, 2, None, None, None]",0.3,0,7.08,-574
Chris Mepham,DEF,11,6.486896,Wales,ok,760000.0,0.0,"[2, 2, None, None, None]",0,0,6.76,-202
Eray Cömert,DEF,11,6.812728,Switzerland,ok,1100000.0,-30000.0,"[None, 0, None, None, None]",0,0,6.76,39
Félix Torres,DEF,11,7.155139999999999,Ecuador,ok,1130000.0,50000.0,"[2, 2, None, None, None]",0,0,6.94,155
Franco Armani,GK,11,7.412370000000001,Argentina,ok,540000.0,-10000.0,"[None, None, None, None, None]",0,0,7.05,257
Ochoa,GK,11,7.08216,Mexico,ok,3380000.0,10000.0,"[2, 10, None, None, None]",0,0,6.9,132
Varela,DEF,11,7.105534000000001,Uruguay,ok,1180000.0,0.0,"[2, 2, None, None, None]",0,0,6.73,279
Ivica Ivusic,GK,11,6.905854,Croatia,ok,610000.0,-10000.0,"[None, None, None, None, None]",0,0,6.91,-3
El Yamiq,DEF,11,7.289456,Morocco,ok,570000.0,0.0,"[2, None, None, None, None]",0,0,7.12,119
Jin-Su Kim,DEF,11,6.663696000000001,South Korea,ok,770000.0,50000.0,"[6, 2, None, None, None]",0,0,7.08,-294
Johan Vásquez,DEF,11,6.917936,Mexico,ok,450000.0,-10000.0,"[None, None, None, None, None]",0,0,6.74,132
Jonathan Osorio,MID,11,6.823638,Canada,ok,950000.0,-10000.0,"[2, 2, None, None, None]",0,0,6.99,-119
Josip Stanisic,DEF,11,6.855884,Croatia,ok,500000.0,-10000.0,"[None, None, None, None, None]",0,0,6.86,-3
Kaoru Mitoma,ATT,11,6.7819519999999995,Japan,ok,940000.0,40000.0,"[6, 6, None, None, None]",0,0.1,7.06,-264
Kieffer Moore,ATT,11,6.563664,Wales,ok,940000.0,-10000.0,"[2, 6, None, None, None]",0,0,6.84,-202
Ko Itakura,DEF,11,6.715648,Japan,ok,810000.0,10000.0,"[2, 2, None, None, None]",0,0,7.09,-264
Skorupski,GK,11,6.668658000000001,Poland,ok,560000.0,-10000.0,"[None, None, None, None, None]",0,0,7.03,-257
Majid Hosseini,DEF,11,6.958608,Iran,ok,500000.0,10000.0,"[2, -2, None, None, None]",0,0,6.96,-1
Dmitrović,GK,11,7.1537619999999995,Serbia,ok,1240000.0,-30000.0,"[None, None, None, None, None]",0,0,7.21,-39
Vecino,MID,11,7.126650000000001,Uruguay,ok,2130000.0,70000.0,"[2, 2, None, None, None]",0,0,6.75,279
Matt Turner,GK,11,6.871374,US,ok,1890000.0,70000.0,"[6, 6, None, None, None]",0,0,6.87,1
Degenek,DEF,11,6.545772,Australia,ok,420000.0,10000.0,"[2, 0, None, None, None]",0,0,6.81,-194
Montassar Talbi,DEF,11,6.358464,Tunisia,ok,930000.0,30000.0,"[2, 6, None, None, None]",0,0,6.84,-352
N'Koulou,DEF,11,6.169843999999999,Cameroon,ok,680000.0,20000.0,"[6, 2, None, None, None]",0,0,6.97,-574
Naïm Sliti,ATT,11,6.5072,Tunisia,ok,670000.0,0.0,"[6, 2, None, None, None]",0,0,7.0,-352
Gudelj,MID,11,6.8263359999999995,Serbia,ok,2280000.0,-60000.0,"[None, -2, None, None, None]",0,0,6.88,-39
Nicolas Jackson,ATT,11,6.511679999999999,Senegal,ok,1080000.0,-30000.0,"[None, 2, None, None, None]",0,0,6.72,-155
Olivier Mbaizo,DEF,11,6.063619999999999,Cameroon,ok,470000.0,-10000.0,"[None, None, None, None, None]",0,0,6.85,-574
Orbelín Pineda,MID,11,7.1950639999999995,Mexico,ok,460000.0,-10000.0,"[None, None, None, None, None]",0.1,0,6.91,132
Richie Laryea,DEF,11,6.579588,Canada,ok,690000.0,10000.0,"[2, 6, None, None, None]",0,0,6.74,-119
Szymon Żurkowski,MID,11,6.49791,Poland,ok,570000.0,-10000.0,"[None, None, None, None, None]",0,0,6.85,-257
Salman Al-Faraj,MID,11,7.934839999999999,Saudi Arabia,injured,420000.0,-10000.0,"['injured', 6, None, None, None]",0.7,0.1,7.35,-132
Sergio Rochet,GK,11,7.675666,Uruguay,ok,2330000.0,40000.0,"[2, 2, None, None, None]",0,0,7.27,279
Babic,DEF,11,6.84618,Serbia,ok,510000.0,-10000.0,"[0, None, None, None, None]",0,0,6.9,-39
Mandanda,GK,11,7.4285760000000005,France,ok,590000.0,-10000.0,"[None, None, None, None, None]",0,0,6.94,352
Steven Vitória,DEF,11,6.774828,Canada,ok,670000.0,0.0,"[2, 6, None, None, None]",0,0,6.94,-119
Timothy Weah,ATT,11,6.861372,US,ok,2540000.0,140000.0,"[2, 9, None, None, None]",0,0,6.86,1
Uroš Račić,MID,11,6.687428,Serbia,ok,560000.0,-10000.0,"[None, None, None, None, None]",0,0,6.74,-39
William Pacho,DEF,11,7.1139,Ecuador,ok,440000.0,-10000.0,"[None, None, None, None, None]",0,0,6.9,155
Woo-yeong Jeong,MID,11,6.296628000000001,South Korea,ok,570000.0,-10000.0,"[-2, None, None, None, None]",0,0,6.69,-294
Xavier Arreaga,DEF,11,7.0623499999999995,Ecuador,ok,410000.0,-10000.0,"[None, None, None, None, None]",0,0,6.85,155
Young-Gwon Kim,DEF,11,6.597812,South Korea,ok,800000.0,20000.0,"[-2, 6, None, None, None]",0,0,7.01,-294
Youssouf Sabaly,DEF,11,6.686100000000001,Senegal,ok,2070000.0,30000.0,"[2, 2, None, None, None]",0,0,6.9,-155
Youssoufa Moukoko,ATT,11,7.050516000000001,Germany,ok,1210000.0,-60000.0,"[None, 0, None, None, None]",0,0,6.82,169
Alexander Domínguez,GK,10,7.000489999999999,Ecuador,ok,630000.0,-10000.0,"[None, None, None, None, None]",0,0,6.79,155
Sabiri,MID,10,7.115410000000001,Morocco,ok,660000.0,140000.0,"[10, 2, None, None, None]",0,0,6.95,119
Aaron Mooy,MID,10,6.728400000000001,Australia,ok,1210000.0,100000.0,"[6, 6, None, None, None]",0,0,7.0,-194
Akram Afif,ATT,10,5.554659999999999,Qatar,ok,530000.0,-10000.0,"[6, -2, None, None, None]",0,0.1,6.0,-447
Ali Gholizadeh,ATT,10,6.818636000000001,Iran,ok,570000.0,20000.0,"[6, 2, None, None, None]",0,0,6.82,-1
Allen,MID,10,6.592452,Wales,ok,560000.0,0.0,"[2, 'doubt', None, None, None]",0,0,6.87,-202
Guardado,MID,10,7.082159999999999,Mexico,injured,1430000.0,-80000.0,"[2, None, None, None, None]",0,0.1,6.8,132
Angelo Preciado,DEF,10,6.9489399999999995,Ecuador,ok,1340000.0,90000.0,"[6, 2, None, None, None]",0,0,6.74,155
Antoine Semenyo,ATT,10,6.581074,Ghana,ok,400000.0,-10000.0,"[None, 0, None, None, None]",0,0,6.97,-279
Ao Tanaka,MID,10,6.668288,Japan,ok,550000.0,-20000.0,"[None, 2, None, None, None]",0,0,7.04,-264
Ayase Ueda,ATT,10,6.611456,Japan,ok,370000.0,-10000.0,"[-2, None, None, None, None]",0,0,6.98,-264
Behich,DEF,10,6.353532,Australia,ok,550000.0,10000.0,"[2, 2, None, None, None]",0,0,6.61,-194
Azzedine Ounahi,MID,10,6.941364000000001,Morocco,ok,920000.0,130000.0,"[2, 2, None, None, None]",0,0,6.78,119
Christopher Wooh,DEF,10,6.293772000000001,Cameroon,ok,410000.0,-10000.0,"[None, None, None, None, None]",0,0,7.11,-574
Carlos Gruezo,MID,10,6.794289999999999,Ecuador,ok,420000.0,-10000.0,"[None, None, None, None, None]",0,0,6.59,155
Celso Borges,MID,10,6.57016,Costa Rica,ok,840000.0,0.0,"[2, -2, None, None, None]",0.7,0.1,6.0,-169
Chang-Hoon Kwon,ATT,10,6.371924,South Korea,ok,410000.0,-10000.0,"[2, None, None, None, None]",0,0,6.77,-294
Christian Bassogog,ATT,10,6.081324,Cameroon,ok,400000.0,-10000.0,"[2, None, None, None, None]",0,0,6.87,-574
Damian Szymanski,MID,10,6.6402,Poland,ok,390000.0,-10000.0,"[None, None, None, None, None]",0,0,7.0,-257
Daizen Maeda,ATT,10,6.4693760000000005,Japan,ok,550000.0,-30000.0,"[None, 2, None, None, None]",0,0,6.83,-264
Elisha Owusu,MID,10,6.345024,Ghana,ok,360000.0,0.0,"[None, None, None, None, None]",0,0,6.72,-279
Exequiel Palacios,MID,10,7.223118000000001,Argentina,ok,990000.0,10000.0,"[2, None, None, None, None]",0,0,6.87,257
Ez Abde,ATT,10,6.992554,Morocco,ok,1710000.0,-50000.0,"[None, 6, None, None, None]",0,0,6.83,119
Famara Diedhiou,ATT,10,6.74424,Senegal,ok,710000.0,70000.0,"[9, None, None, None, None]",0,0,6.96,-155
Filip Djuricic,MID,10,6.588208,Serbia,ok,400000.0,-10000.0,"[0, None, None, None, None]",0,0,6.64,-39
Frederik Ronnow,GK,10,7.209272,Denmark,ok,410000.0,-10000.0,"[None, None, None, None, None]",0,0,6.94,194
Haji Wright,ATT,10,7.131425999999999,US,ok,610000.0,10000.0,"[2, 2, None, None, None]",0,0,7.13,1
Iké Ugbo,ATT,10,6.481967999999999,Canada,ok,410000.0,-10000.0,"[None, None, None, None, None]",0,0,6.64,-119
Iliman Ndiaye,MID,10,6.7829999999999995,Senegal,ok,540000.0,20000.0,"[2, None, None, None, None]",0,0,7.0,-155
Nsame,ATT,10,6.205252,Cameroon,ok,450000.0,-10000.0,"[None, None, None, None, None]",0,0,7.01,-574
Johan Venegas,ATT,10,5.7972,Costa Rica,ok,410000.0,-10000.0,"[None, None, None, None, None]",0,0,6.0,-169
Junior Hoilett,ATT,10,6.696732,Canada,ok,480000.0,-10000.0,"[2, 2, None, None, None]",0,0,6.86,-119
Grosicki,ATT,10,6.716088,Poland,ok,380000.0,-10000.0,"[None, None, None, None, None]",0,0,7.08,-257
Kanal Sowah,ATT,10,6.3355820000000005,Ghana,ok,500000.0,-10000.0,"[None, None, None, None, None]",0,0,6.71,-279
Karim Ansarifard,ATT,10,5.9988,Iran,ok,420000.0,0.0,"[2, None, None, None, None]",0,0,6.0,-1
Lucas Cavallini,ATT,10,6.667446,Canada,ok,410000.0,-10000.0,"[2, None, None, None, None]",0,0,6.83,-119
Mark-Anthony Kaye,MID,10,6.638159999999999,Canada,ok,380000.0,-10000.0,"[None, None, None, None, None]",0,0,6.80,-119
Cáceres,DEF,10,6.947164000000001,Uruguay,ok,1330000.0,10000.0,"[None, 2, None, None, None]",0,0,6.58,279
Martin Hongla,MID,10,5.921988000000001,Cameroon,ok,600000.0,20000.0,"[-2, 2, None, None, None]",0,0,6.69,-574
Ryan,GK,10,6.58422,Australia,ok,1540000.0,40000.0,"[6, 2, None, None, None]",0,0,6.85,-194
Milan Borjan,GK,10,6.628398,Canada,ok,880000.0,10000.0,"[6, 2, None, None, None]",0,0,6.79,-119
Radonjić,ATT,10,6.617973999999999,Serbia,ok,500000.0,-10000.0,"[0, -2, None, None, None]",0,0,6.67,-39
Olivier Ntcham,MID,10,6.063619999999999,Cameroon,ok,370000.0,-10000.0,"[None, None, None, None, None]",0,0,6.85,-574
Osman Bukari,ATT,10,6.278930000000001,Ghana,ok,820000.0,20000.0,"[None, 9, None, None, None]",0,0,6.65,-279
Pape Matar Sarr,MID,10,6.54075,Senegal,ok,520000.0,0.0,"[2, None, None, None, None]",0,0,6.75,-155
Pathé Ciss,MID,10,6.598889999999999,Senegal,ok,800000.0,0.0,"[2, None, None, None, None]",0,0,6.81,-155
Philipp Köhn,GK,10,6.9941320000000005,Switzerland,ok,450000.0,-10000.0,"[None, None, None, None, None]",0,0,6.94,39
Remko Pasveer,GK,10,7.429708,Netherlands,ok,1000000.0,-30000.0,"[None, None, None, None, None]",0,0,6.82,447
Romario Ibarra,ATT,10,6.9489399999999995,Ecuador,ok,870000.0,-10000.0,"[0, 6, None, None, None]",0,0,6.74,155
Samuel Piette,MID,10,6.608873999999999,Canada,ok,360000.0,-10000.0,"[None, None, None, None, None]",0,0,6.77,-119
Sorba Thomas,ATT,10,6.62124,Wales,ok,390000.0,-10000.0,"[None, 0, None, None, None]",0,0,6.9,-202
Tom Lockyer,DEF,10,6.76518,Wales,ok,470000.0,-10000.0,"[None, None, None, None, None]",0,0,7.05,-202
Vanja Milinković,GK,10,6.69735,Serbia,ok,1330000.0,80000.0,"[2, 10, None, None, None]",0,0,6.75,-39
Vahid Amiri,ATT,10,5.9988,Iran,ok,360000.0,-10000.0,"[None, None, None, None, None]",0,0,6.0,-1
Yuto Nagatomo,DEF,10,6.289408,Japan,ok,680000.0,0.0,"[2, 2, None, None, None]",0,0,6.64,-264
Zakaria Aboukhlal,ATT,10,6.849222000000001,Morocco,ok,570000.0,90000.0,"[9, 'doubt', None, None, None]",0,0,6.69,119
Abdulelah Al-Amri,DEF,9,6.873616,Saudi Arabia,ok,330000.0,20000.0,"[6, 0, None, None, None]",0,0,7.06,-132
Ahmad Nourollahi,MID,9,6.668666,Iran,doubt,330000.0,0.0,"[2, -2, None, None, None]",0,0,6.67,-1
Abdulaziz Hatem,MID,9,5.4636,Qatar,ok,310000.0,0.0,"[2, -2, None, None, None]",0,0,6.00,-447
Achraf Dari,DEF,9,7.094934,Morocco,ok,380000.0,-10000.0,"[None, None, None, None, None]",0,0,6.93,119
Ajdin Hrustic,MID,9,6.5746080000000005,Australia,ok,350000.0,0.0,"[2, None, None, None, None]",0,0.1,6.74,-194
Alan Franco,MID,9,6.8561499999999995,Ecuador,ok,330000.0,0.0,"[None, 0, None, None, None]",0,0,6.65,155
Alfredo Talavera,GK,9,7.154007999999999,Mexico,ok,370000.0,-10000.0,"[None, None, None, None, None]",0,0,6.97,132
Ali Abdi,DEF,9,6.562976,Tunisia,ok,600000.0,0.0,"[2, 2, None, None, None]",0,0,7.06,-352
Almoez Ali,ATT,9,5.4636,Qatar,ok,390000.0,-10000.0,"[2, -2, None, None, None]",0,0,6.0,-447
Amir Abedzadeh,GK,9,6.778644000000001,Iran,ok,410000.0,-10000.0,"[None, None, None, None, None]",0,0,6.78,-1
Andries Noppert,GK,9,7.821891999999999,Netherlands,ok,2480000.0,320000.0,"[6, 10, None, None, None]",0,0,7.18,447
Anis Slimane,MID,9,6.302688,Tunisia,ok,440000.0,-10000.0,"[None, 2, None, None, None]",0,0,6.78,-352
Atiba Hutchinson,MID,9,6.599112,Canada,ok,670000.0,0.0,"[2, 6, None, None, None]",0,0,6.76,-119
Boualem Khoukhi,DEF,9,5.4636,Qatar,ok,300000.0,-10000.0,"[-2, -2, None, None, None]",0,0,6.0,-447
Bryan Oviedo,DEF,9,6.618469999999999,Costa Rica,ok,460000.0,0.0,"[2, -2, None, None, None]",0,0,6.85,-169
Cammy Devlin,MID,9,6.593832000000001,Australia,ok,320000.0,-10000.0,"[None, None, None, None, None]",0,0,6.86,-194
Collins Fai,DEF,9,6.169843999999999,Cameroon,ok,470000.0,0.0,"[2, 2, None, None, None]",0,0,6.97,-574
Daniel Chacón,MID,9,5.7972,Costa Rica,ok,270000.0,0.0,"[0, None, None, None, None]",0,0,6.0,-169
Daniel Schmidt,GK,9,6.658816000000001,Japan,ok,370000.0,-10000.0,"[None, None, None, None, None]",0,0,7.03,-264
Danny Ward,GK,9,6.554068,Wales,ok,410000.0,0.0,"[-2, None, None, None, None]",0,0,6.83,-202
Dayne St. Clair,GK,9,6.794352,Canada,ok,310000.0,-10000.0,"[None, None, None, None, None]",0,0,6.96,-119
Derek Cornelius,DEF,9,5.8572,Canada,ok,290000.0,-10000.0,"[None, None, None, None, None]",0,0,6.00,-119
Dylan Levitt,MID,9,6.76518,Wales,ok,310000.0,-10000.0,"[None, None, None, None, None]",0,0,7.05,-202
Edimilson Fernandes,MID,9,6.9941320000000005,Switzerland,ok,380000.0,-10000.0,"[-2, None, None, None, None]",0,0,6.94,39
Ehsan Haji Safi,DEF,9,5.9988,Iran,ok,460000.0,20000.0,"[2, -2, None, None, None]",0,0,6.0,-1
Enzo Ebosse,DEF,9,5.921988000000001,Cameroon,ok,350000.0,-10000.0,"[None, None, None, None, None]",0,0,6.69,-574
Ballo-Touré,DEF,9,6.5892,Senegal,ok,560000.0,-10000.0,"['doubt', None, None, None, None]",0,0,6.8,-155
Frei,MID,9,7.064678,Switzerland,ok,450000.0,10000.0,"[0, 2, None, None, None]",0,0,7.01,39
Fabian Rieder,MID,9,7.367018,Switzerland,ok,400000.0,10000.0,"[2, 0, None, None, None]",0,0,7.31,39
Ferjani Sassi,MID,9,5.5776,Tunisia,ok,330000.0,0.0,"[2, 0, None, None, None]",0,0,6.0,-352
Gaël Ondoua,MID,9,5.939692,Cameroon,ok,300000.0,10000.0,"[2, 2, None, None, None]",0,0,6.71,-574
Gaku Shibasaki,MID,9,6.507264,Japan,ok,430000.0,-10000.0,"[None, None, None, None, None]",0,0,6.87,-264
Gerson Torres,MID,9,5.7972,Costa Rica,ok,390000.0,0.0,"[2, None, None, None, None]",0,0,6.00,-169
Ghailene Chaalali,MID,9,6.7117119999999995,Tunisia,ok,330000.0,0.0,"[None, None, None, None, None]",0,0,7.22,-352
Gideon Mensah,DEF,9,6.3355820000000005,Ghana,ok,410000.0,0.0,"[6, None, None, None, None]",0,0,6.71,-279
Hattan Bahebri,ATT,9,6.951504,Saudi Arabia,ok,350000.0,-10000.0,"[0, None, None, None, None]",0,0,7.14,-132
Hong Chul,DEF,9,6.390748,South Korea,ok,360000.0,-10000.0,"[None, None, None, None, None]",0,0,6.79,-294
In-beom Hwang,MID,9,6.550752,South Korea,ok,540000.0,20000.0,"[2, 2, None, None, None]",0,0,6.96,-294
Ismaël Koné,MID,9,6.647921999999999,Canada,ok,330000.0,0.0,"[2, 2, None, None, None]",0,0,6.81,-119
Ismail Jakobs,DEF,9,6.55044,Senegal,ok,640000.0,40000.0,"[2, 2, None, None, None]",0,0,6.76,-155
Ivo Grbic,GK,9,6.69598,Croatia,ok,340000.0,0.0,"[None, None, None, None, None]",0,0,6.7,-3
José Luis Rodríguez,DEF,9,6.3348,Uruguay,ok,390000.0,-10000.0,"[None, None, None, None, None]",0,0,6.00,279
Jonathan Williams,MID,9,6.640432,Wales,ok,330000.0,-10000.0,"[None, None, None, None, None]",0,0,6.92,-202
Jhegson Méndez,MID,9,6.91801,Ecuador,sanctioned,1120000.0,0.0,"[2, 10, None, None, None]",0,0,6.71,155
Joe Morrell,MID,9,6.544472000000001,Wales,ok,330000.0,-10000.0,"[None, 0, None, None, None]",0,0,6.82,-202
Joel Waterman,DEF,9,6.657684,Canada,ok,420000.0,-10000.0,"[None, None, None, None, None]",0,0,6.82,-119
Jun-ho Son,MID,9,7.190768,South Korea,ok,400000.0,0.0,"[None, 2, None, None, None]",0,0,7.64,-294
Karim Boudiaf,MID,9,5.4636,Qatar,ok,340000.0,0.0,"[2, -2, None, None, None]",0,0,6.0,-447
Keanu Baccus,MID,9,6.641892,Australia,ok,330000.0,0.0,"[0, 0, None, None, None]",0,0,6.91,-194
Keysher Fuller,DEF,9,5.7972,Costa Rica,ok,450000.0,30000.0,"[11, -2, None, None, None]",0,0,6.0,-169
Luca de la Torre,MID,9,6.791358,US,ok,320000.0,-10000.0,"[None, None, None, None, None]",0,0,6.79,1
Lawrence Ati Zigi,GK,9,6.65661,Ghana,ok,680000.0,40000.0,"[6, 2, None, None, None]",0,0,7.05,-279
Michel Aebischer,MID,9,6.681714,Switzerland,ok,340000.0,-10000.0,"[0, None, None, None, None]",0,0,6.63,39
Michal Skoras,ATT,9,6.697115999999999,Poland,ok,290000.0,-10000.0,"[None, None, None, None, None]",0,0,7.06,-257
Miki Yamane,DEF,9,6.639872,Japan,ok,400000.0,0.0,"[2, None, None, None, None]",0,0,7.01,-264
Mohamed Dräger,DEF,9,6.330576,Tunisia,ok,530000.0,-10000.0,"[-2, 2, None, None, None]",0,0,6.81,-352
Mohammed Al-Burayk,DEF,9,6.708104,Saudi Arabia,ok,350000.0,10000.0,"[6, 0, None, None, None]",0,0,6.89,-132
Moon-hwan Kim,DEF,9,6.513104,South Korea,ok,700000.0,40000.0,"[2, 6, None, None, None]",0,0,6.92,-294
Moustapha Name,MID,9,6.93804,Senegal,ok,320000.0,0.0,"[None, None, None, None, None]",0,0,7.16,-155
Munir,GK,9,7.084696,Morocco,ok,370000.0,60000.0,"[6, None, None, None, None]",0,0,6.92,119
Nathaniel Atkinson,DEF,9,6.3823680000000005,Australia,doubt,410000.0,-10000.0,"['doubt', 2, None, None, None]",0,0,6.64,-194
Nampalys Mendy,MID,9,6.45354,Senegal,ok,1330000.0,100000.0,"[6, 2, None, None, None]",0,0,6.66,-155
Oliver Christensen,GK,9,7.074227999999999,Denmark,ok,330000.0,-10000.0,"[None, None, None, None, None]",0,0,6.81,194
Pierre Kunde,MID,9,6.010508,Cameroon,ok,370000.0,0.0,"[2, None, None, None, None]",0,0,6.79,-574
Riley McGree,MID,9,6.58422,Australia,ok,440000.0,40000.0,"[6, 2, None, None, None]",0,0,6.85,-194
Rodolfo Cota,GK,9,7.266912,Mexico,ok,380000.0,-10000.0,"[None, None, None, None, None]",0,0,7.08,132
Matarrita,DEF,9,6.434892,Costa Rica,ok,300000.0,-10000.0,"[None, 0, None, None, None]",0,0,6.66,-169
Sultan Al-Ghannam,DEF,9,6.698368,Saudi Arabia,ok,400000.0,0.0,"[2, 2, None, None, None]",0,0,6.88,-132
Strahinja Erakovic,DEF,9,6.74696,Serbia,ok,400000.0,-10000.0,"[None, None, None, None, None]",0,0,6.8,-39
Sadegh Moharrami,DEF,9,6.888622,Iran,ok,420000.0,-10000.0,"[None, -2, None, None, None]",0,0,6.89,-1
Oum Gouet,MID,9,5.8954320000000004,Cameroon,ok,480000.0,10000.0,"[0, 2, None, None, None]",0,0,6.66,-574
Saeid Ezatolahi,MID,9,6.54869,Iran,ok,420000.0,40000.0,"[6, -2, None, None, None]",0,0,6.55,-1
Salis Abdul Samed,MID,9,6.363908,Ghana,ok,600000.0,20000.0,"[2, 2, None, None, None]",0,0,6.74,-279
Sam Adekugbe,DEF,9,6.628398,Canada,ok,490000.0,-10000.0,"[2, 2, None, None, None]",0,0,6.79,-119
Saman Ghoddos,MID,9,6.69866,Iran,ok,330000.0,0.0,"[None, None, None, None, None]",0,0,6.7,-1
Sang-ho Na,ATT,9,6.494280000000001,South Korea,ok,430000.0,0.0,"[2, 6, None, None, None]",0,0,6.9,-294
Sean Johnson,GK,9,6.911382,US,ok,390000.0,-10000.0,"[None, None, None, None, None]",0,0,6.91,1
Sebastián Sosa,GK,9,7.1794400000000005,Uruguay,ok,270000.0,0.0,"[None, 'discarded', None, None, None]",0,0,6.8,279
Seny Dieng,GK,9,6.66672,Senegal,ok,330000.0,0.0,"[None, None, None, None, None]",0,0,6.88,-155
Seung-ho Paik,MID,9,6.795464,South Korea,ok,340000.0,-10000.0,"[None, None, None, None, None]",0,0,7.22,-294
Shaq Moore,DEF,9,6.9013800000000005,US,ok,380000.0,-10000.0,"[0, None, None, None, None]",0,0,6.9,1
Shogo Taniguchi,DEF,9,6.715648,Japan,ok,360000.0,-10000.0,"[None, None, None, None, None]",0,0,7.09,-264
Tae-hwan Kim,DEF,9,6.541340000000001,South Korea,ok,380000.0,-10000.0,"[None, None, None, None, None]",0,0,6.95,-294
Takuma Asano,ATT,9,6.374656000000001,Japan,ok,1080000.0,40000.0,"[2, 9, None, None, None]",0,0,6.73,-264
Tim Ream,DEF,9,6.8813759999999995,US,ok,650000.0,40000.0,"[2, -2, None, None, None]",0,0,6.88,1
Wayne Hennessey,GK,9,6.698008000000001,Wales,sanctioned,1060000.0,-40000.0,"[-4, 6, None, None, None]",0,0,6.98,-202
Woo-Young Jung,MID,9,5.6472,South Korea,ok,450000.0,20000.0,"[2, 2, None, None, None]",0,0,6.0,-294
Xavi Simons,DEF,9,7.810998,Netherlands,ok,1050000.0,-30000.0,"[None, None, None, None, None]",0,0,7.17,447
Yahya Jabrane,MID,9,7.3406460000000004,Morocco,ok,320000.0,-10000.0,"[None, None, None, None, None]",0,0,7.17,119
Yassine Meriah,DEF,9,5.5776,Tunisia,ok,730000.0,30000.0,"[2, 6, None, None, None]",0,0,6.0,-352
Youstin Salas,MID,9,5.7972,Costa Rica,ok,280000.0,0.0,"[0, None, None, None, None]",0,0,6.0,-169
Zeno Debast,DEF,9,6.894133999999999,Belgium,ok,440000.0,-20000.0,"[None, None, None, None, None]",0,0,6.89,3
Anthony Contreras,ATT,8,5.7972,Costa Rica,ok,230000.0,0.0,"[2, -2, None, None, None]",0,0,6.0,-169
Abdelkarim Hassan,DEF,8,5.4636,Qatar,ok,270000.0,0.0,"[6, -2, None, None, None]",0,0,6.0,-447
Abderrazak Hamdallah,ATT,8,7.279218000000001,Morocco,ok,260000.0,20000.0,"[2, 2, None, None, None]",0,0,7.11,119
Abdullah Otayf,MID,8,5.8416,Saudi Arabia,ok,270000.0,0.0,"[None, None, None, None, None]",0,0,6.0,-132
Alejandro Balde,DEF,8,7.253792,Spain,ok,2750000.0,160000.0,"[0, 6, None, None, None]",0,0,6.89,264
Ali Al-Bulaihi,DEF,8,6.698368,Saudi Arabia,ok,600000.0,70000.0,"[6, 10, None, None, None]",0,0,6.88,-132
Ali Maaloul,DEF,8,6.795375999999999,Tunisia,ok,210000.0,0.0,"[None, None, None, None, None]",0,0,7.31,-352
Alireza Beiranvand,GK,8,5.9988,Iran,doubt,260000.0,0.0,"['doubt', 0, None, None, None]",0,0,6.0,-1
Anass Zaroury,ATT,8,7.002792,Morocco,ok,280000.0,-10000.0,"[None, None, None, None, None]",0,0,6.84,119
Artur Jedrzejczyk,DEF,8,6.49791,Poland,ok,340000.0,-10000.0,"[None, None, None, None, None]",0,0,6.85,-257
Awer Mabil,ATT,8,6.459264,Australia,ok,210000.0,0.0,"[0, 0, None, None, None]",0,0,6.72,-194
Bailey Wright,DEF,8,6.651504,Australia,ok,190000.0,0.0,"[None, None, None, None, None]",0,0,6.92,-194
Bamba Dieng,ATT,8,6.50199,Senegal,ok,460000.0,60000.0,"[9, 2, None, None, None]",0,0,6.71,-155
Bassam Al-Rawi,DEF,8,5.4636,Qatar,ok,180000.0,0.0,"[None, -2, None, None, None]",0,0,6.0,-447
Bum-keun Song,GK,8,6.513104,South Korea,ok,200000.0,0.0,"[None, None, None, None, None]",0,0,6.92,-294
Goodwin,ATT,8,7.679988000000001,Australia,ok,910000.0,160000.0,"[6, 9, None, None, None]",0.2,0,7.79,-194
David Wotherspoon,MID,8,5.8572,Canada,ok,240000.0,-10000.0,"[None, None, None, None, None]",0,0,6.0,-119
Douglas López,MID,8,5.7972,Costa Rica,ok,200000.0,0.0,"[None, None, None, None, None]",0,0,6.0,-169
Kawashima,GK,8,5.6832,Japan,ok,150000.0,0.0,"[None, None, None, None, None]",0,0,6.0,-264
El Khannouss,MID,8,7.043744,Morocco,ok,260000.0,-10000.0,"[None, None, None, None, None]",0,0,6.88,119
Facundo Pellistri,ATT,8,6.957722,Uruguay,ok,480000.0,10000.0,"[2, 2, None, None, None]",0,0,6.59,279
Formose Mendy,DEF,8,7.06401,Senegal,ok,200000.0,0.0,"[None, None, None, None, None]",0,0,7.29,-155
Gue-sung Cho,ATT,8,6.842524,South Korea,ok,210000.0,40000.0,"[16, 2, None, None, None]",0,0,7.27,-294
Harry Scouttar,DEF,8,6.247800000000001,Australia,ok,430000.0,60000.0,"[10, 2, None, None, None]",0,0,6.50,-194
Hasan Al-Haydos,ATT,8,6.19208,Qatar,ok,240000.0,0.0,"[2, -2, None, None, None]",0.7,0.1,6.0,-447
Hyun-Woo Cho,GK,8,6.522516,South Korea,ok,310000.0,-10000.0,"[None, None, None, None, None]",0,0,6.93,-294
Issam Jebali,ATT,8,6.535088,Tunisia,ok,270000.0,0.0,"[2, 6, None, None, None]",0,0,7.03,-352
Jamie Maclaren,ATT,8,7.4493,Australia,ok,180000.0,0.0,"[6, None, None, None, None]",0.7,0,7.05,-194
Krystian Bielik,MID,8,6.54534,Poland,ok,590000.0,100000.0,"[6, 2, None, None, None]",0,0,6.9,-257
Liam Millar,ATT,8,6.647921999999999,Canada,ok,210000.0,-10000.0,"[None, 2, None, None, None]",0,0,6.81,-119
Ben Romdhane,MID,8,6.69312,Tunisia,ok,230000.0,0.0,"[None, None, None, None, None]",0,0,7.2,-352
Moisés Ramírez,GK,8,7.37165,Ecuador,ok,210000.0,0.0,"[None, None, None, None, None]",0,0,7.15,155
Leckie,ATT,8,6.6995640000000005,Australia,ok,320000.0,20000.0,"[6, 2, None, None, None]",0,0,6.97,-194
Min-kyu Song,ATT,8,6.418984000000001,South Korea,ok,210000.0,-10000.0,"[None, None, None, None, None]",0,0,6.82,-294
Morteza Pouraliganji,DEF,8,5.9988,Iran,ok,250000.0,30000.0,"[6, -2, None, None, None]",0,0,6.0,-1
Nawaf Al-Abed,MID,8,6.737312,Saudi Arabia,ok,320000.0,10000.0,"[2, 2, None, None, None]",0,0,6.92,-132
Pedro Miguel,DEF,8,5.4636,Qatar,ok,240000.0,0.0,"[2, -2, None, None, None]",0,0,6.00,-447
Ramin Rezaeian,DEF,8,5.9988,Iran,ok,440000.0,70000.0,"[15, None, None, None, None]",0,0,6.0,-1
Rubin Colwill,MID,8,6.294975999999999,Wales,ok,190000.0,0.0,"[None, None, None, None, None]",0,0,6.56,-202
Sami Al-Najei,MID,8,5.8416,Saudi Arabia,ok,270000.0,20000.0,"[6, None, None, None, None]",0,0,6.0,-132
Saud Abdulhamid,DEF,8,6.7470479999999995,Saudi Arabia,ok,520000.0,90000.0,"[10, 6, None, None, None]",0,0,6.93,-132
Seung Gyu Kim,GK,8,6.644872,South Korea,ok,320000.0,20000.0,"[-2, 2, None, None, None]",0,0,7.06,-294
Wajdi Kechrida,DEF,8,6.256208,Tunisia,ok,350000.0,0.0,"[2, 0, None, None, None]",0,0,6.73,-352
Walid Cheddira,ATT,8,7.596596,Morocco,ok,190000.0,0.0,"[None, None, None, None, None]",0,0,7.42,119
Yeltsin Tejeda,MID,8,5.7972,Costa Rica,ok,330000.0,20000.0,"[6, -2, None, None, None]",0,0,6.0,-169
Abdulelah Al-Malki,MID,7,5.8416,Saudi Arabia,sanctioned,300000.0,-10000.0,"[6, 6, None, None, None]",0,0,6.00,-132
Abdulrahman Al-Obood,ATT,7,5.8416,Saudi Arabia,ok,150000.0,0.0,"[0, None, None, None, None]",0,0,6.00,-132
Anthony Hernández,ATT,7,5.7972,Costa Rica,ok,150000.0,0.0,"[None, None, None, None, None]",0,0,6.0,-169
Abdul Nurudeen,GK,7,6.1939519999999995,Ghana,ok,150000.0,0.0,"[None, None, None, None, None]",0,0,6.56,-279
Abdullah Madu,DEF,7,6.649688,Saudi Arabia,ok,170000.0,0.0,"[None, None, None, None, None]",0,0,6.83,-132
Abolfazl Jalali,DEF,7,5.9988,Iran,ok,150000.0,0.0,"[None, None, None, None, None]",0,0,6.0,-1
Adam Davies,GK,7,5.7576,Wales,ok,150000.0,0.0,"[None, None, None, None, None]",0,0,6.0,-202
Ahmed Alaaeldin,ATT,7,5.4636,Qatar,ok,150000.0,0.0,"[None, None, None, None, None]",0,0,6.0,-447
Ahmed Tagnaouti,GK,7,7.064220000000001,Morocco,ok,150000.0,0.0,"[None, None, None, None, None]",0,0,6.90,119
Ali Al-Hassan,MID,7,6.581536,Saudi Arabia,ok,150000.0,0.0,"[None, None, None, None, None]",0,0,6.76,-132
Ali Asad,MID,7,5.4636,Qatar,ok,150000.0,0.0,"[None, None, None, None, None]",0,0,6.00,-447
Ali Karimi,MID,7,5.9988,Iran,ok,190000.0,10000.0,"[2, 2, None, None, None]",0,0,6.0,-1
Álvaro Zamora,MID,7,5.7972,Costa Rica,ok,170000.0,0.0,"[None, -2, None, None, None]",0,0,6.0,-169
Andrew Redmayne,GK,7,6.516936,Australia,ok,150000.0,0.0,"[None, None, None, None, None]",0,0,6.78,-194
Ardon Jashari,MID,7,6.95382,Switzerland,ok,190000.0,0.0,"[None, None, None, None, None]",0,0,6.9,39
Assim Madibo,MID,7,5.4636,Qatar,ok,150000.0,0.0,"[2, None, None, None, None]",0,0,6.0,-447
Aymen Dahmen,GK,7,5.5776,Tunisia,ok,560000.0,30000.0,"[2, 6, None, None, None]",0,0,6.0,-352
Aymen Balbouli,GK,7,6.0424,Tunisia,ok,150000.0,0.0,"[None, None, None, None, None]",0,0,6.50,-352
Brandon Aguilera,MID,7,5.7972,Costa Rica,ok,150000.0,0.0,"[2, -2, None, None, None]",0,0,6.0,-169
Badr Benoun,DEF,7,6.1428,Morocco,ok,150000.0,0.0,"[None, None, None, None, None]",0,0,6.0,119
Bechir Ben Said,GK,7,5.5776,Tunisia,doubt,150000.0,0.0,"['doubt', 'injured', None, None, None]",0,0,6.0,-352
Bilel Ifa,DEF,7,6.302688,Tunisia,ok,150000.0,0.0,"[None, None, None, None, None]",0,0,6.78,-352
Carlos Martínez,DEF,7,5.7972,Costa Rica,ok,160000.0,0.0,"[None, -2, None, None, None]",0,0,6.0,-169
Chris Gunter,DEF,7,6.400532,Wales,ok,180000.0,0.0,"[None, None, None, None, None]",0,0,6.67,-202
Djorkaeff Reasco,ATT,7,6.794289999999999,Ecuador,ok,150000.0,0.0,"[None, None, None, None, None]",0,0,6.59,155
Daniel Afriyie,ATT,7,5.6652000000000005,Ghana,ok,150000.0,0.0,"[None, None, None, None, None]",0,0,6.0,-279
Vukovic,GK,7,5.767200000000001,Australia,ok,150000.0,0.0,"[None, None, None, None, None]",0,0,6.0,-194
Devis Epassy,GK,7,5.3111999999999995,Cameroon,ok,150000.0,0.0,"[2, None, None, None, None]",0,0,6.0,-574
Esteban Alvarado,GK,7,5.7972,Costa Rica,ok,150000.0,0.0,"[None, None, None, None, None]",0,0,6.0,-169
Ethan Horvath,GK,7,6.971393999999999,US,ok,150000.0,0.0,"[None, None, None, None, None]",0,0,6.97,1
Firas Al-Buraikan,ATT,7,6.766520000000001,Saudi Arabia,ok,410000.0,70000.0,"[6, 6, None, None, None]",0,0,6.95,-132
Fran Karacic,DEF,7,6.6034440000000005,Australia,ok,180000.0,10000.0,"[2, None, None, None, None]",0,0,6.87,-194
Garang Kuol,ATT,7,6.68034,Australia,ok,150000.0,0.0,"[None, 2, None, None, None]",0,0,6.95,-194
Hernán Galíndez,GK,7,7.1757599999999995,Ecuador,ok,700000.0,90000.0,"[2, 2, None, None, None]",0,0,6.96,155
Hossein Hosseini,GK,7,5.9988,Iran,ok,210000.0,20000.0,"[6, -2, None, None, None]",0,0,6.0,-1
Haitham Asiri,ATT,7,6.708104,Saudi Arabia,ok,150000.0,0.0,"[None, 0, None, None, None]",0,0,6.89,-132
Hannibal Mejbri,MID,7,6.153952,Tunisia,ok,230000.0,0.0,"[None, 2, None, None, None]",0,0,6.62,-352
Hassan Tambakti,DEF,7,6.91256,Saudi Arabia,ok,420000.0,0.0,"[None, 10, None, None, None]",0,0,7.10,-132
Homam Ahmed,DEF,7,5.4636,Qatar,ok,150000.0,0.0,"[2, -2, None, None, None]",0,0,6.0,-447
Hossein Kanaani,DEF,7,5.9988,Iran,ok,180000.0,0.0,"[None, -2, None, None, None]",0,0,6.0,-1
Ismaeel Mohammed,ATT,7,5.4636,Qatar,ok,150000.0,0.0,"[6, None, None, None, None]",0,0,6.00,-447
Ibrahim Danlad,GK,7,5.6652000000000005,Ghana,ok,150000.0,0.0,"[None, None, None, None, None]",0,0,6.0,-279
Issahaku Fatawu,ATT,7,5.6652000000000005,Ghana,ok,150000.0,0.0,"[None, None, None, None, None]",0,0,6.00,-279
Jewison Bennette,ATT,7,6.52185,Costa Rica,ok,150000.0,0.0,"[2, -2, None, None, None]",0,0,6.75,-169
Jeremy Sarmiento,MID,7,6.73243,Ecuador,ok,350000.0,20000.0,"[0, 2, None, None, None]",0,0,6.53,155
James Pantemis,GK,7,6.647921999999999,Canada,ok,150000.0,0.0,"[None, None, None, None, None]",0,0,6.81,-119
Jason Cummings,ATT,7,6.786072,Australia,ok,160000.0,0.0,"[None, 2, None, None, None]",0,0,7.06,-194
Jassim Jabir,MID,7,5.4636,Qatar,ok,150000.0,0.0,"[None, None, None, None, None]",0,0,6.00,-447
Jerome Mbekeli,ATT,7,5.3111999999999995,Cameroon,ok,150000.0,0.0,"[None, None, None, None, None]",0,0,6.0,-574
Joel King,DEF,7,6.526548,Australia,ok,150000.0,0.0,"[None, None, None, None, None]",0,0,6.79,-194
Jong-gyu Yoon,DEF,7,5.6472,South Korea,ok,180000.0,0.0,"[None, 'doubt', None, None, None]",0,0,6.00,-294
Khalid Mazeed,ATT,7,5.4636,Qatar,ok,150000.0,0.0,"[None, None, None, None, None]",0,0,6.00,-447
Kevin Rodríguez,ATT,7,6.701499999999999,Ecuador,ok,150000.0,0.0,"[0, 0, None, None, None]",0,0,6.50,155
Kye Rowles,DEF,7,6.747624,Australia,ok,370000.0,30000.0,"[2, 2, None, None, None]",0,0,7.02,-194
Kyung-Won Kwon,DEF,7,6.6542840000000005,South Korea,ok,190000.0,0.0,"[2, None, None, None, None]",0,0,7.07,-294
Liam Fraser,MID,7,5.8572,Canada,ok,160000.0,0.0,"[None, None, None, None, None]",0,0,6.0,-119
Mohammed Al-Rubaie,GK,7,5.8416,Saudi Arabia,ok,150000.0,0.0,"[None, None, None, None, None]",0,0,6.00,-132
Mohammed Muntari,ATT,7,5.4636,Qatar,ok,180000.0,10000.0,"[9, -2, None, None, None]",0,0,6.0,-447
Marco Tilio,ATT,7,6.843744,Australia,ok,150000.0,0.0,"[None, None, None, None, None]",0,0,7.12,-194
Mark Harris,ATT,7,6.323764,Wales,ok,160000.0,0.0,"[None, None, None, None, None]",0,0,6.59,-202
Matt Smith,MID,7,6.784372,Wales,ok,170000.0,0.0,"[None, None, None, None, None]",0,0,7.07,-202
Mehdi Torabi,ATT,7,5.9988,Iran,ok,150000.0,0.0,"[6, -2, None, None, None]",0,0,6.0,-1
Meshaal Barsham,GK,7,5.4636,Qatar,ok,150000.0,0.0,"[-2, None, None, None, None]",0,0,6.00,-447
Mitchell Duke,ATT,7,5.767200000000001,Australia,ok,290000.0,60000.0,"[13, 2, None, None, None]",0,0,6.0,-194
Mohamed Kanno,MID,7,6.717840000000001,Saudi Arabia,ok,830000.0,170000.0,"[10, 10, None, None, None]",0,0,6.9,-132
Mohammed Al-Owais,GK,7,6.639952,Saudi Arabia,ok,570000.0,60000.0,"[6, 6, None, None, None]",0,0,6.82,-132
Mohammed Waad,MID,7,5.4636,Qatar,ok,150000.0,0.0,"[2, -2, None, None, None]",0,0,6.00,-447
Mouez Hassen,GK,7,5.5776,Tunisia,ok,160000.0,0.0,"[None, None, None, None, None]",0,0,6.0,-352
Moussa N'Diaye,DEF,7,5.814,Senegal,ok,150000.0,0.0,"[None, None, None, None, None]",0,0,6.0,-155
Musaab Khidir,DEF,7,5.4636,Qatar,ok,150000.0,0.0,"[None, None, None, None, None]",0,0,6.00,-447
Mustafa Mashaal,MID,7,5.4636,Qatar,ok,150000.0,0.0,"[None, None, None, None, None]",0,0,6.00,-447
Nasser Al-Dawsari,DEF,7,6.698368,Saudi Arabia,ok,150000.0,0.0,"[0, None, None, None, None]",0,0,6.88,-132
Naif Al-Hadhrami,ATT,7,5.4636,Qatar,ok,150000.0,0.0,"[None, None, None, None, None]",0,0,6.00,-447
Nader Ghandri,DEF,7,5.5776,Tunisia,ok,150000.0,0.0,"[None, None, None, None, None]",0,0,6.0,-352
Nawaf Al-Aqidi,GK,7,6.3284,Saudi Arabia,ok,150000.0,0.0,"[None, None, None, None, None]",0,0,6.50,-132
Patrick Sequeira,GK,7,5.7972,Costa Rica,ok,150000.0,0.0,"[None, None, None, None, None]",0,0,6.0,-169
Payam Niazmand,GK,7,5.9988,Iran,ok,150000.0,0.0,"[None, None, None, None, None]",0,0,6.0,-1
Riad Sharahili,MID,7,6.5231200000000005,Saudi Arabia,ok,150000.0,0.0,"['doubt', 'doubt', None, None, None]",0,0,6.70,-132
Roan Wilson,MID,7,5.7972,Costa Rica,ok,150000.0,0.0,"[None, None, None, None, None]",0,0,6.00,-169
Roozbeh Cheshmi,DEF,7,5.9988,Iran,ok,270000.0,40000.0,"[11, -2, None, None, None]",0,0,6.0,-1
Seifeddine Jaziri,ATT,7,6.209727999999999,Tunisia,ok,150000.0,0.0,"[None, None, None, None, None]",0,0,6.68,-352
Shoja Khalilzadeh,DEF,7,5.9988,Iran,ok,150000.0,0.0,"[None, None, None, None, None]",0,0,6.0,-1
Ngapandouetnbu,GK,7,5.3111999999999995,Cameroon,ok,150000.0,0.0,"[None, None, None, None, None]",0,0,6.0,-574
Saad Al-Sheeb,GK,7,5.4636,Qatar,ok,150000.0,0.0,"[None, -2, None, None, None]",0,0,6.00,-447
Saleh Al-Shehri,ATT,7,6.464704,Saudi Arabia,ok,840000.0,120000.0,"[6, 13, None, None, None]",0,0,6.64,-132
Salem Al Hajri,DEF,7,5.4636,Qatar,ok,150000.0,0.0,"[None, None, None, None, None]",0,0,6.0,-447
Shuichi Gonda,GK,7,6.6304,Japan,ok,740000.0,50000.0,"[-2, 10, None, None, None]",0,0,7.0,-264
Shuto Machino,ATT,7,6.734592000000001,Japan,ok,150000.0,0.0,"[None, None, None, None, None]",0,0,7.11,-264
Souaibou Marou,ATT,7,5.3111999999999995,Cameroon,ok,150000.0,0.0,"[None, None, None, None, None]",0,0,6.0,-574
Taha Khenissi,ATT,7,5.5776,Tunisia,ok,150000.0,0.0,"[2, 2, None, None, None]",0,0,6.00,-352
Tarek Salman,DEF,7,5.4636,Qatar,ok,150000.0,0.0,"[2, None, None, None, None]",0,0,6.0,-447
Thomas Deng,DEF,7,5.767200000000001,Australia,ok,150000.0,0.0,"[None, None, None, None, None]",0,0,6.0,-194
Yahia Attiat-Allah,DEF,7,7.125648,Morocco,ok,270000.0,40000.0,"[2, 2, None, None, None]",0,0,6.96,119
Yousef Hassan,GK,7,5.4636,Qatar,ok,150000.0,0.0,"[None, None, None, None, None]",0,0,6.0,-447
Msakni,ATT,7,5.5776,Tunisia,ok,520000.0,50000.0,"[6, 6, None, None, None]",0,0,6.0,-352
Yu-min Cho,DEF,7,6.748404,South Korea,ok,150000.0,0.0,"[None, None, None, None, None]",0,0,7.17,-294
Yuki Soma,ATT,7,6.639872,Japan,ok,160000.0,0.0,"[2, None, None, None, None]",0,0,7.01,-264
